timestamp,parameter,value
2024-03-15T10:00:00,battery_voltage,24.4568
2024-03-15T10:00:00,solar_current,2.0654
2024-03-15T10:00:00,bus_temperature,21.833
2024-03-15T10:00:00,attitude_error,0.4702
2024-03-15T10:00:00,downlink_snr,17.8724
2024-03-15T10:00:00,rx_lock,1.0
2024-03-15T10:00:10,battery_voltage,24.0508
2024-03-15T10:00:10,solar_current,2.2789
2024-03-15T10:00:10,bus_temperature,22.8158
2024-03-15T10:00:10,attitude_error,0.469
2024-03-15T10:00:10,downlink_snr,18.1307
2024-03-15T10:00:10,rx_lock,1.0
2024-03-15T10:00:20,battery_voltage,24.697
2024-03-15T10:00:20,solar_current,2.1221
2024-03-15T10:00:20,bus_temperature,20.8925
2024-03-15T10:00:20,attitude_error,0.2985
2024-03-15T10:00:20,downlink_snr,18.2463
2024-03-15T10:00:20,rx_lock,1.0
2024-03-15T10:00:30,battery_voltage,24.8933
2024-03-15T10:00:30,solar_current,2.4618
2024-03-15T10:00:30,bus_temperature,22.1109
2024-03-15T10:00:30,attitude_error,0.3708
2024-03-15T10:00:30,downlink_snr,17.136
2024-03-15T10:00:30,rx_lock,1.0
2024-03-15T10:00:40,battery_voltage,24.762
2024-03-15T10:00:40,solar_current,2.0519
2024-03-15T10:00:40,bus_temperature,22.5649
2024-03-15T10:00:40,attitude_error,0.4248
2024-03-15T10:00:40,downlink_snr,18.7823
2024-03-15T10:00:40,rx_lock,1.0
2024-03-15T10:00:50,battery_voltage,24.166
2024-03-15T10:00:50,solar_current,2.0685
2024-03-15T10:00:50,bus_temperature,20.1556
2024-03-15T10:00:50,attitude_error,0.4961
2024-03-15T10:00:50,downlink_snr,17.836
2024-03-15T10:00:50,rx_lock,1.0
2024-03-15T10:01:00,battery_voltage,24.6993
2024-03-15T10:01:00,solar_current,1.8562
2024-03-15T10:01:00,bus_temperature,23.271
2024-03-15T10:01:00,attitude_error,0.2998
2024-03-15T10:01:00,downlink_snr,17.9138
2024-03-15T10:01:00,rx_lock,1.0
2024-03-15T10:01:10,battery_voltage,24.4118
2024-03-15T10:01:10,solar_current,2.08
2024-03-15T10:01:10,bus_temperature,22.5931
2024-03-15T10:01:10,attitude_error,0.405
2024-03-15T10:01:10,downlink_snr,18.4588
2024-03-15T10:01:10,rx_lock,1.0
2024-03-15T10:01:20,battery_voltage,24.3119
2024-03-15T10:01:20,solar_current,1.9565
2024-03-15T10:01:20,bus_temperature,21.295
2024-03-15T10:01:20,attitude_error,0.4499
2024-03-15T10:01:20,downlink_snr,17.7499
2024-03-15T10:01:20,rx_lock,1.0
2024-03-15T10:01:30,battery_voltage,25.2007
2024-03-15T10:01:30,solar_current,2.0052
2024-03-15T10:01:30,bus_temperature,21.418
2024-03-15T10:01:30,attitude_error,0.3922
2024-03-15T10:01:30,downlink_snr,17.4078
2024-03-15T10:01:30,rx_lock,1.0
2024-03-15T10:01:40,battery_voltage,24.9279
2024-03-15T10:01:40,solar_current,2.0812
2024-03-15T10:01:40,bus_temperature,19.8656
2024-03-15T10:01:40,attitude_error,0.3468
2024-03-15T10:01:40,downlink_snr,18.9529
2024-03-15T10:01:40,rx_lock,1.0
2024-03-15T10:01:50,battery_voltage,24.0669
2024-03-15T10:01:50,solar_current,2.2706
2024-03-15T10:01:50,bus_temperature,22.2616
2024-03-15T10:01:50,attitude_error,0.3923
2024-03-15T10:01:50,downlink_snr,18.6842
2024-03-15T10:01:50,rx_lock,1.0
2024-03-15T10:02:00,battery_voltage,24.686
2024-03-15T10:02:00,solar_current,1.9781
2024-03-15T10:02:00,bus_temperature,21.1573
2024-03-15T10:02:00,attitude_error,0.3168
2024-03-15T10:02:00,downlink_snr,18.9523
2024-03-15T10:02:00,rx_lock,1.0
2024-03-15T10:02:10,battery_voltage,24.33
2024-03-15T10:02:10,solar_current,2.1054
2024-03-15T10:02:10,bus_temperature,23.9253
2024-03-15T10:02:10,attitude_error,0.3894
2024-03-15T10:02:10,downlink_snr,19.3213
2024-03-15T10:02:10,rx_lock,1.0
2024-03-15T10:02:20,battery_voltage,24.3297
2024-03-15T10:02:20,solar_current,2.1832
2024-03-15T10:02:20,bus_temperature,23.7902
2024-03-15T10:02:20,attitude_error,0.3982
2024-03-15T10:02:20,downlink_snr,18.2614
2024-03-15T10:02:20,rx_lock,1.0
2024-03-15T10:02:30,battery_voltage,24.5504
2024-03-15T10:02:30,solar_current,1.8532
2024-03-15T10:02:30,bus_temperature,20.0915
2024-03-15T10:02:30,attitude_error,0.368
2024-03-15T10:02:30,downlink_snr,18.1702
2024-03-15T10:02:30,rx_lock,1.0
2024-03-15T10:02:40,battery_voltage,24.8681
2024-03-15T10:02:40,solar_current,2.094
2024-03-15T10:02:40,bus_temperature,24.9297
2024-03-15T10:02:40,attitude_error,0.3641
2024-03-15T10:02:40,downlink_snr,19.5931
2024-03-15T10:02:40,rx_lock,1.0
2024-03-15T10:02:50,battery_voltage,24.5345
2024-03-15T10:02:50,solar_current,1.9467
2024-03-15T10:02:50,bus_temperature,21.7279
2024-03-15T10:02:50,attitude_error,0.3692
2024-03-15T10:02:50,downlink_snr,17.6234
2024-03-15T10:02:50,rx_lock,1.0
2024-03-15T10:03:00,battery_voltage,23.7872
2024-03-15T10:03:00,solar_current,2.2422
2024-03-15T10:03:00,bus_temperature,22.8338
2024-03-15T10:03:00,attitude_error,0.345
2024-03-15T10:03:00,downlink_snr,17.3726
2024-03-15T10:03:00,rx_lock,1.0
2024-03-15T10:03:10,battery_voltage,24.4993
2024-03-15T10:03:10,solar_current,2.2157
2024-03-15T10:03:10,bus_temperature,21.0822
2024-03-15T10:03:10,attitude_error,0.312
2024-03-15T10:03:10,downlink_snr,16.9499
2024-03-15T10:03:10,rx_lock,1.0
2024-03-15T10:03:20,battery_voltage,24.5293
2024-03-15T10:03:20,solar_current,1.8517
2024-03-15T10:03:20,bus_temperature,22.3299
2024-03-15T10:03:20,attitude_error,0.279
2024-03-15T10:03:20,downlink_snr,18.8852
2024-03-15T10:03:20,rx_lock,0.0
2024-03-15T10:03:30,battery_voltage,24.501
2024-03-15T10:03:30,solar_current,2.4707
2024-03-15T10:03:30,bus_temperature,20.6723
2024-03-15T10:03:30,attitude_error,0.4421
2024-03-15T10:03:30,downlink_snr,17.2531
2024-03-15T10:03:30,rx_lock,1.0
2024-03-15T10:03:40,battery_voltage,25.0237
2024-03-15T10:03:40,solar_current,1.7638
2024-03-15T10:03:40,bus_temperature,23.4859
2024-03-15T10:03:40,attitude_error,0.4591
2024-03-15T10:03:40,downlink_snr,19.5335
2024-03-15T10:03:40,rx_lock,1.0
2024-03-15T10:03:50,battery_voltage,24.7137
2024-03-15T10:03:50,solar_current,2.2572
2024-03-15T10:03:50,bus_temperature,23.23
2024-03-15T10:03:50,attitude_error,0.3253
2024-03-15T10:03:50,downlink_snr,17.7584
2024-03-15T10:03:50,rx_lock,1.0
2024-03-15T10:04:00,battery_voltage,24.3167
2024-03-15T10:04:00,solar_current,2.1641
2024-03-15T10:04:00,bus_temperature,19.6465
2024-03-15T10:04:00,attitude_error,0.3605
2024-03-15T10:04:00,downlink_snr,18.2611
2024-03-15T10:04:00,rx_lock,1.0
2024-03-15T10:04:10,battery_voltage,24.7472
2024-03-15T10:04:10,solar_current,1.9736
2024-03-15T10:04:10,bus_temperature,20.6977
2024-03-15T10:04:10,attitude_error,0.3495
2024-03-15T10:04:10,downlink_snr,17.944
2024-03-15T10:04:10,rx_lock,1.0
2024-03-15T10:04:20,battery_voltage,24.2899
2024-03-15T10:04:20,solar_current,2.3267
2024-03-15T10:04:20,bus_temperature,22.1318
2024-03-15T10:04:20,attitude_error,0.47
2024-03-15T10:04:20,downlink_snr,19.2741
2024-03-15T10:04:20,rx_lock,1.0
2024-03-15T10:04:30,battery_voltage,24.6828
2024-03-15T10:04:30,solar_current,2.4284
2024-03-15T10:04:30,bus_temperature,20.3357
2024-03-15T10:04:30,attitude_error,0.4665
2024-03-15T10:04:30,downlink_snr,18.3175
2024-03-15T10:04:30,rx_lock,1.0
2024-03-15T10:04:40,battery_voltage,24.5356
2024-03-15T10:04:40,solar_current,2.2039
2024-03-15T10:04:40,bus_temperature,23.7936
2024-03-15T10:04:40,attitude_error,0.3487
2024-03-15T10:04:40,downlink_snr,16.2734
2024-03-15T10:04:40,rx_lock,1.0
2024-03-15T10:04:50,battery_voltage,24.5898
2024-03-15T10:04:50,solar_current,2.133
2024-03-15T10:04:50,bus_temperature,22.6304
2024-03-15T10:04:50,attitude_error,0.3047
2024-03-15T10:04:50,downlink_snr,18.4407
2024-03-15T10:04:50,rx_lock,1.0
2024-03-15T10:05:00,battery_voltage,24.4412
2024-03-15T10:05:00,solar_current,1.8034
2024-03-15T10:05:00,bus_temperature,22.6794
2024-03-15T10:05:00,attitude_error,0.3955
2024-03-15T10:05:00,downlink_snr,17.2547
2024-03-15T10:05:00,rx_lock,1.0
2024-03-15T10:05:10,battery_voltage,24.6569
2024-03-15T10:05:10,solar_current,2.1011
2024-03-15T10:05:10,bus_temperature,22.9743
2024-03-15T10:05:10,attitude_error,0.3007
2024-03-15T10:05:10,downlink_snr,18.3322
2024-03-15T10:05:10,rx_lock,1.0
2024-03-15T10:05:20,battery_voltage,24.5008
2024-03-15T10:05:20,solar_current,2.5532
2024-03-15T10:05:20,bus_temperature,19.2065
2024-03-15T10:05:20,attitude_error,0.4695
2024-03-15T10:05:20,downlink_snr,17.6938
2024-03-15T10:05:20,rx_lock,1.0
2024-03-15T10:05:30,battery_voltage,24.4699
2024-03-15T10:05:30,solar_current,2.3713
2024-03-15T10:05:30,bus_temperature,18.61
2024-03-15T10:05:30,attitude_error,0.5739
2024-03-15T10:05:30,downlink_snr,17.1326
2024-03-15T10:05:30,rx_lock,1.0
2024-03-15T10:05:40,battery_voltage,24.2928
2024-03-15T10:05:40,solar_current,2.1125
2024-03-15T10:05:40,bus_temperature,21.5761
2024-03-15T10:05:40,attitude_error,0.4202
2024-03-15T10:05:40,downlink_snr,15.895
2024-03-15T10:05:40,rx_lock,1.0
2024-03-15T10:05:50,battery_voltage,25.1007
2024-03-15T10:05:50,solar_current,2.1468
2024-03-15T10:05:50,bus_temperature,20.385
2024-03-15T10:05:50,attitude_error,0.1777
2024-03-15T10:05:50,downlink_snr,19.1682
2024-03-15T10:05:50,rx_lock,1.0
2024-03-15T10:06:00,battery_voltage,24.0514
2024-03-15T10:06:00,solar_current,1.9907
2024-03-15T10:06:00,bus_temperature,22.7087
2024-03-15T10:06:00,attitude_error,0.4693
2024-03-15T10:06:00,downlink_snr,19.2904
2024-03-15T10:06:00,rx_lock,1.0
2024-03-15T10:06:10,battery_voltage,24.4229
2024-03-15T10:06:10,solar_current,2.0991
2024-03-15T10:06:10,bus_temperature,21.4854
2024-03-15T10:06:10,attitude_error,0.2979
2024-03-15T10:06:10,downlink_snr,17.4034
2024-03-15T10:06:10,rx_lock,1.0
2024-03-15T10:06:20,battery_voltage,24.9195
2024-03-15T10:06:20,solar_current,2.5253
2024-03-15T10:06:20,bus_temperature,22.8425
2024-03-15T10:06:20,attitude_error,0.4309
2024-03-15T10:06:20,downlink_snr,16.7598
2024-03-15T10:06:20,rx_lock,1.0
2024-03-15T10:06:30,battery_voltage,24.247
2024-03-15T10:06:30,solar_current,2.4067
2024-03-15T10:06:30,bus_temperature,24.1571
2024-03-15T10:06:30,attitude_error,0.4032
2024-03-15T10:06:30,downlink_snr,19.3433
2024-03-15T10:06:30,rx_lock,1.0
2024-03-15T10:06:40,battery_voltage,24.1529
2024-03-15T10:06:40,solar_current,2.2287
2024-03-15T10:06:40,bus_temperature,18.5316
2024-03-15T10:06:40,attitude_error,0.3667
2024-03-15T10:06:40,downlink_snr,18.4499
2024-03-15T10:06:40,rx_lock,1.0
2024-03-15T10:06:50,battery_voltage,24.9566
2024-03-15T10:06:50,solar_current,1.8632
2024-03-15T10:06:50,bus_temperature,23.3634
2024-03-15T10:06:50,attitude_error,0.3731
2024-03-15T10:06:50,downlink_snr,18.8292
2024-03-15T10:06:50,rx_lock,1.0
2024-03-15T10:07:00,battery_voltage,24.7983
2024-03-15T10:07:00,solar_current,2.1975
2024-03-15T10:07:00,bus_temperature,26.9954
2024-03-15T10:07:00,attitude_error,0.3968
2024-03-15T10:07:00,downlink_snr,18.6203
2024-03-15T10:07:00,rx_lock,1.0
2024-03-15T10:07:10,battery_voltage,24.5923
2024-03-15T10:07:10,solar_current,2.4768
2024-03-15T10:07:10,bus_temperature,20.7402
2024-03-15T10:07:10,attitude_error,0.4697
2024-03-15T10:07:10,downlink_snr,17.3393
2024-03-15T10:07:10,rx_lock,1.0
2024-03-15T10:07:20,battery_voltage,24.735
2024-03-15T10:07:20,solar_current,1.8303
2024-03-15T10:07:20,bus_temperature,18.6167
2024-03-15T10:07:20,attitude_error,0.2094
2024-03-15T10:07:20,downlink_snr,17.9289
2024-03-15T10:07:20,rx_lock,1.0
2024-03-15T10:07:30,battery_voltage,24.469
2024-03-15T10:07:30,solar_current,2.0099
2024-03-15T10:07:30,bus_temperature,24.1078
2024-03-15T10:07:30,attitude_error,0.4498
2024-03-15T10:07:30,downlink_snr,17.7989
2024-03-15T10:07:30,rx_lock,1.0
2024-03-15T10:07:40,battery_voltage,24.7979
2024-03-15T10:07:40,solar_current,2.2582
2024-03-15T10:07:40,bus_temperature,21.7139
2024-03-15T10:07:40,attitude_error,0.5349
2024-03-15T10:07:40,downlink_snr,17.8636
2024-03-15T10:07:40,rx_lock,1.0
2024-03-15T10:07:50,battery_voltage,24.3017
2024-03-15T10:07:50,solar_current,2.0797
2024-03-15T10:07:50,bus_temperature,23.7303
2024-03-15T10:07:50,attitude_error,0.5602
2024-03-15T10:07:50,downlink_snr,16.9159
2024-03-15T10:07:50,rx_lock,1.0
2024-03-15T10:08:00,battery_voltage,24.2858
2024-03-15T10:08:00,solar_current,2.1744
2024-03-15T10:08:00,bus_temperature,24.5753
2024-03-15T10:08:00,attitude_error,0.4038
2024-03-15T10:08:00,downlink_snr,17.4924
2024-03-15T10:08:00,rx_lock,1.0
2024-03-15T10:08:10,battery_voltage,24.3226
2024-03-15T10:08:10,solar_current,1.8997
2024-03-15T10:08:10,bus_temperature,21.4944
2024-03-15T10:08:10,attitude_error,0.4395
2024-03-15T10:08:10,downlink_snr,18.024
2024-03-15T10:08:10,rx_lock,1.0
2024-03-15T10:08:20,battery_voltage,24.8102
2024-03-15T10:08:20,solar_current,1.9574
2024-03-15T10:08:20,bus_temperature,23.0049
2024-03-15T10:08:20,attitude_error,0.2861
2024-03-15T10:08:20,downlink_snr,18.312
2024-03-15T10:08:20,rx_lock,1.0
2024-03-15T10:08:30,battery_voltage,24.6256
2024-03-15T10:08:30,solar_current,2.3872
2024-03-15T10:08:30,bus_temperature,20.4138
2024-03-15T10:08:30,attitude_error,0.5372
2024-03-15T10:08:30,downlink_snr,16.3564
2024-03-15T10:08:30,rx_lock,1.0
2024-03-15T10:08:40,battery_voltage,24.5004
2024-03-15T10:08:40,solar_current,2.1932
2024-03-15T10:08:40,bus_temperature,22.5858
2024-03-15T10:08:40,attitude_error,0.1961
2024-03-15T10:08:40,downlink_snr,16.8417
2024-03-15T10:08:40,rx_lock,1.0
2024-03-15T10:08:50,battery_voltage,24.7318
2024-03-15T10:08:50,solar_current,2.4618
2024-03-15T10:08:50,bus_temperature,20.7208
2024-03-15T10:08:50,attitude_error,0.5804
2024-03-15T10:08:50,downlink_snr,17.7282
2024-03-15T10:08:50,rx_lock,1.0
2024-03-15T10:09:00,battery_voltage,24.9841
2024-03-15T10:09:00,solar_current,2.1507
2024-03-15T10:09:00,bus_temperature,20.2882
2024-03-15T10:09:00,attitude_error,0.601
2024-03-15T10:09:00,downlink_snr,18.644
2024-03-15T10:09:00,rx_lock,1.0
2024-03-15T10:09:10,battery_voltage,23.9327
2024-03-15T10:09:10,solar_current,2.0629
2024-03-15T10:09:10,bus_temperature,24.6248
2024-03-15T10:09:10,attitude_error,0.5578
2024-03-15T10:09:10,downlink_snr,19.2741
2024-03-15T10:09:10,rx_lock,1.0
2024-03-15T10:09:20,battery_voltage,24.5952
2024-03-15T10:09:20,solar_current,2.4628
2024-03-15T10:09:20,bus_temperature,20.7596
2024-03-15T10:09:20,attitude_error,0.4211
2024-03-15T10:09:20,downlink_snr,18.202
2024-03-15T10:09:20,rx_lock,0.0
2024-03-15T10:09:30,battery_voltage,24.2931
2024-03-15T10:09:30,solar_current,2.1624
2024-03-15T10:09:30,bus_temperature,23.2536
2024-03-15T10:09:30,attitude_error,0.5719
2024-03-15T10:09:30,downlink_snr,16.0347
2024-03-15T10:09:30,rx_lock,1.0
2024-03-15T10:09:40,battery_voltage,24.309
2024-03-15T10:09:40,solar_current,1.9431
2024-03-15T10:09:40,bus_temperature,23.8464
2024-03-15T10:09:40,attitude_error,0.3854
2024-03-15T10:09:40,downlink_snr,18.4594
2024-03-15T10:09:40,rx_lock,1.0
2024-03-15T10:09:50,battery_voltage,24.4447
2024-03-15T10:09:50,solar_current,2.3224
2024-03-15T10:09:50,bus_temperature,25.4637
2024-03-15T10:09:50,attitude_error,0.3954
2024-03-15T10:09:50,downlink_snr,18.4768
2024-03-15T10:09:50,rx_lock,1.0
2024-03-15T10:10:00,battery_voltage,20.1
2024-03-15T10:10:00,solar_current,1.928
2024-03-15T10:10:00,bus_temperature,20.5898
2024-03-15T10:10:00,attitude_error,0.3259
2024-03-15T10:10:00,downlink_snr,17.0155
2024-03-15T10:10:00,rx_lock,1.0
2024-03-15T10:10:10,battery_voltage,24.7597
2024-03-15T10:10:10,solar_current,2.097
2024-03-15T10:10:10,bus_temperature,21.9156
2024-03-15T10:10:10,attitude_error,0.511
2024-03-15T10:10:10,downlink_snr,17.4395
2024-03-15T10:10:10,rx_lock,1.0
2024-03-15T10:10:20,battery_voltage,24.4774
2024-03-15T10:10:20,solar_current,1.8023
2024-03-15T10:10:20,bus_temperature,21.6243
2024-03-15T10:10:20,attitude_error,0.4287
2024-03-15T10:10:20,downlink_snr,17.5406
2024-03-15T10:10:20,rx_lock,1.0
2024-03-15T10:10:30,battery_voltage,24.2695
2024-03-15T10:10:30,solar_current,2.2843
2024-03-15T10:10:30,bus_temperature,20.047
2024-03-15T10:10:30,attitude_error,0.3733
2024-03-15T10:10:30,downlink_snr,18.8176
2024-03-15T10:10:30,rx_lock,1.0
2024-03-15T10:10:40,battery_voltage,24.2946
2024-03-15T10:10:40,solar_current,2.1964
2024-03-15T10:10:40,bus_temperature,23.0918
2024-03-15T10:10:40,attitude_error,0.4749
2024-03-15T10:10:40,downlink_snr,19.3997
2024-03-15T10:10:40,rx_lock,1.0
2024-03-15T10:10:50,battery_voltage,24.3349
2024-03-15T10:10:50,solar_current,1.9734
2024-03-15T10:10:50,bus_temperature,21.1575
2024-03-15T10:10:50,attitude_error,0.3973
2024-03-15T10:10:50,downlink_snr,17.9915
2024-03-15T10:10:50,rx_lock,1.0
2024-03-15T10:11:00,battery_voltage,24.1426
2024-03-15T10:11:00,solar_current,2.2123
2024-03-15T10:11:00,bus_temperature,21.0544
2024-03-15T10:11:00,attitude_error,0.3076
2024-03-15T10:11:00,downlink_snr,17.3519
2024-03-15T10:11:00,rx_lock,1.0
2024-03-15T10:11:10,battery_voltage,24.5739
2024-03-15T10:11:10,solar_current,2.3901
2024-03-15T10:11:10,bus_temperature,20.444
2024-03-15T10:11:10,attitude_error,0.4204
2024-03-15T10:11:10,downlink_snr,18.3685
2024-03-15T10:11:10,rx_lock,1.0
2024-03-15T10:11:20,battery_voltage,24.3181
2024-03-15T10:11:20,solar_current,1.966
2024-03-15T10:11:20,bus_temperature,23.0427
2024-03-15T10:11:20,attitude_error,0.2484
2024-03-15T10:11:20,downlink_snr,17.6674
2024-03-15T10:11:20,rx_lock,1.0
2024-03-15T10:11:30,battery_voltage,24.3107
2024-03-15T10:11:30,solar_current,2.2481
2024-03-15T10:11:30,bus_temperature,22.1718
2024-03-15T10:11:30,attitude_error,0.2077
2024-03-15T10:11:30,downlink_snr,18.3029
2024-03-15T10:11:30,rx_lock,1.0
2024-03-15T10:11:40,battery_voltage,24.1367
2024-03-15T10:11:40,solar_current,2.2444
2024-03-15T10:11:40,bus_temperature,22.7922
2024-03-15T10:11:40,attitude_error,0.5451
2024-03-15T10:11:40,downlink_snr,17.2525
2024-03-15T10:11:40,rx_lock,1.0
2024-03-15T10:11:50,battery_voltage,24.5079
2024-03-15T10:11:50,solar_current,2.4333
2024-03-15T10:11:50,bus_temperature,22.0871
2024-03-15T10:11:50,attitude_error,0.406
2024-03-15T10:11:50,downlink_snr,17.529
2024-03-15T10:11:50,rx_lock,1.0
2024-03-15T10:12:00,battery_voltage,24.8391
2024-03-15T10:12:00,solar_current,2.5499
2024-03-15T10:12:00,bus_temperature,21.5215
2024-03-15T10:12:00,attitude_error,0.3964
2024-03-15T10:12:00,downlink_snr,18.0098
2024-03-15T10:12:00,rx_lock,1.0
2024-03-15T10:12:10,battery_voltage,25.0827
2024-03-15T10:12:10,solar_current,2.1942
2024-03-15T10:12:10,bus_temperature,19.8889
2024-03-15T10:12:10,attitude_error,0.5341
2024-03-15T10:12:10,downlink_snr,17.8978
2024-03-15T10:12:10,rx_lock,1.0
2024-03-15T10:12:20,battery_voltage,24.8207
2024-03-15T10:12:20,solar_current,1.9263
2024-03-15T10:12:20,bus_temperature,21.6588
2024-03-15T10:12:20,attitude_error,0.2836
2024-03-15T10:12:20,downlink_snr,18.611
2024-03-15T10:12:20,rx_lock,1.0
2024-03-15T10:12:30,battery_voltage,24.1694
2024-03-15T10:12:30,solar_current,2.091
2024-03-15T10:12:30,bus_temperature,20.2993
2024-03-15T10:12:30,attitude_error,0.3956
2024-03-15T10:12:30,downlink_snr,18.7524
2024-03-15T10:12:30,rx_lock,1.0
2024-03-15T10:12:40,battery_voltage,24.5361
2024-03-15T10:12:40,solar_current,1.8584
2024-03-15T10:12:40,bus_temperature,21.1595
2024-03-15T10:12:40,attitude_error,0.3427
2024-03-15T10:12:40,downlink_snr,18.725
2024-03-15T10:12:40,rx_lock,1.0
2024-03-15T10:12:50,battery_voltage,24.6151
2024-03-15T10:12:50,solar_current,1.9943
2024-03-15T10:12:50,bus_temperature,23.6932
2024-03-15T10:12:50,attitude_error,0.4468
2024-03-15T10:12:50,downlink_snr,18.5541
2024-03-15T10:12:50,rx_lock,1.0
2024-03-15T10:13:00,battery_voltage,24.4704
2024-03-15T10:13:00,solar_current,2.0298
2024-03-15T10:13:00,bus_temperature,20.4312
2024-03-15T10:13:00,attitude_error,0.4686
2024-03-15T10:13:00,downlink_snr,17.4124
2024-03-15T10:13:00,rx_lock,1.0
2024-03-15T10:13:10,battery_voltage,24.6031
2024-03-15T10:13:10,solar_current,2.319
2024-03-15T10:13:10,bus_temperature,20.8815
2024-03-15T10:13:10,attitude_error,0.3338
2024-03-15T10:13:10,downlink_snr,16.143
2024-03-15T10:13:10,rx_lock,1.0
2024-03-15T10:13:20,battery_voltage,24.4762
2024-03-15T10:13:20,solar_current,2.1149
2024-03-15T10:13:20,bus_temperature,20.5022
2024-03-15T10:13:20,attitude_error,0.5343
2024-03-15T10:13:20,downlink_snr,19.4988
2024-03-15T10:13:20,rx_lock,1.0
2024-03-15T10:13:30,battery_voltage,23.9085
2024-03-15T10:13:30,solar_current,2.0961
2024-03-15T10:13:30,bus_temperature,20.1148
2024-03-15T10:13:30,attitude_error,0.3438
2024-03-15T10:13:30,downlink_snr,17.5735
2024-03-15T10:13:30,rx_lock,1.0
2024-03-15T10:13:40,battery_voltage,24.433
2024-03-15T10:13:40,solar_current,2.119
2024-03-15T10:13:40,bus_temperature,20.8349
2024-03-15T10:13:40,attitude_error,0.5292
2024-03-15T10:13:40,downlink_snr,17.5047
2024-03-15T10:13:40,rx_lock,1.0
2024-03-15T10:13:50,battery_voltage,24.6019
2024-03-15T10:13:50,solar_current,2.2941
2024-03-15T10:13:50,bus_temperature,23.5043
2024-03-15T10:13:50,attitude_error,0.4987
2024-03-15T10:13:50,downlink_snr,18.1688
2024-03-15T10:13:50,rx_lock,1.0
2024-03-15T10:14:00,battery_voltage,24.9242
2024-03-15T10:14:00,solar_current,2.1486
2024-03-15T10:14:00,bus_temperature,23.0985
2024-03-15T10:14:00,attitude_error,0.4838
2024-03-15T10:14:00,downlink_snr,18.928
2024-03-15T10:14:00,rx_lock,1.0
2024-03-15T10:14:10,battery_voltage,24.591
2024-03-15T10:14:10,solar_current,1.9428
2024-03-15T10:14:10,bus_temperature,24.2485
2024-03-15T10:14:10,attitude_error,0.2789
2024-03-15T10:14:10,downlink_snr,19.1498
2024-03-15T10:14:10,rx_lock,1.0
2024-03-15T10:14:20,battery_voltage,24.4982
2024-03-15T10:14:20,solar_current,2.1827
2024-03-15T10:14:20,bus_temperature,23.854
2024-03-15T10:14:20,attitude_error,0.4151
2024-03-15T10:14:20,downlink_snr,18.9281
2024-03-15T10:14:20,rx_lock,1.0
2024-03-15T10:14:30,battery_voltage,24.4998
2024-03-15T10:14:30,solar_current,2.1566
2024-03-15T10:14:30,bus_temperature,19.8631
2024-03-15T10:14:30,attitude_error,0.4065
2024-03-15T10:14:30,downlink_snr,15.5563
2024-03-15T10:14:30,rx_lock,1.0
2024-03-15T10:14:40,battery_voltage,24.6711
2024-03-15T10:14:40,solar_current,2.1147
2024-03-15T10:14:40,bus_temperature,23.5661
2024-03-15T10:14:40,attitude_error,0.506
2024-03-15T10:14:40,downlink_snr,17.3547
2024-03-15T10:14:40,rx_lock,1.0
2024-03-15T10:14:50,battery_voltage,24.4177
2024-03-15T10:14:50,solar_current,2.1128
2024-03-15T10:14:50,bus_temperature,21.096
2024-03-15T10:14:50,attitude_error,0.2703
2024-03-15T10:14:50,downlink_snr,16.9641
2024-03-15T10:14:50,rx_lock,1.0
2024-03-15T10:15:00,battery_voltage,24.8273
2024-03-15T10:15:00,solar_current,1.631
2024-03-15T10:15:00,bus_temperature,22.2662
2024-03-15T10:15:00,attitude_error,0.4143
2024-03-15T10:15:00,downlink_snr,17.4291
2024-03-15T10:15:00,rx_lock,1.0
2024-03-15T10:15:10,battery_voltage,24.9175
2024-03-15T10:15:10,solar_current,1.8476
2024-03-15T10:15:10,bus_temperature,23.4371
2024-03-15T10:15:10,attitude_error,0.536
2024-03-15T10:15:10,downlink_snr,18.7039
2024-03-15T10:15:10,rx_lock,1.0
2024-03-15T10:15:20,battery_voltage,24.914
2024-03-15T10:15:20,solar_current,2.3056
2024-03-15T10:15:20,bus_temperature,23.1972
2024-03-15T10:15:20,attitude_error,0.2906
2024-03-15T10:15:20,downlink_snr,20.0808
2024-03-15T10:15:20,rx_lock,1.0
2024-03-15T10:15:30,battery_voltage,25.094
2024-03-15T10:15:30,solar_current,1.9787
2024-03-15T10:15:30,bus_temperature,23.2996
2024-03-15T10:15:30,attitude_error,0.3184
2024-03-15T10:15:30,downlink_snr,18.8628
2024-03-15T10:15:30,rx_lock,1.0
2024-03-15T10:15:40,battery_voltage,24.8266
2024-03-15T10:15:40,solar_current,1.7986
2024-03-15T10:15:40,bus_temperature,25.0086
2024-03-15T10:15:40,attitude_error,0.5567
2024-03-15T10:15:40,downlink_snr,16.7629
2024-03-15T10:15:40,rx_lock,1.0
2024-03-15T10:15:50,battery_voltage,24.0759
2024-03-15T10:15:50,solar_current,1.801
2024-03-15T10:15:50,bus_temperature,22.9624
2024-03-15T10:15:50,attitude_error,0.4775
2024-03-15T10:15:50,downlink_snr,17.8292
2024-03-15T10:15:50,rx_lock,1.0
2024-03-15T10:16:00,battery_voltage,24.165
2024-03-15T10:16:00,solar_current,2.0454
2024-03-15T10:16:00,bus_temperature,19.7656
2024-03-15T10:16:00,attitude_error,0.4638
2024-03-15T10:16:00,downlink_snr,17.7747
2024-03-15T10:16:00,rx_lock,1.0
2024-03-15T10:16:10,battery_voltage,25.0822
2024-03-15T10:16:10,solar_current,2.4534
2024-03-15T10:16:10,bus_temperature,23.6052
2024-03-15T10:16:10,attitude_error,0.4043
2024-03-15T10:16:10,downlink_snr,19.1172
2024-03-15T10:16:10,rx_lock,1.0
2024-03-15T10:16:20,battery_voltage,24.4475
2024-03-15T10:16:20,solar_current,2.1333
2024-03-15T10:16:20,bus_temperature,22.5632
2024-03-15T10:16:20,attitude_error,0.349
2024-03-15T10:16:20,downlink_snr,18.4216
2024-03-15T10:16:20,rx_lock,1.0
2024-03-15T10:16:30,battery_voltage,25.0213
2024-03-15T10:16:30,solar_current,2.327
2024-03-15T10:16:30,bus_temperature,20.4074
2024-03-15T10:16:30,attitude_error,0.3977
2024-03-15T10:16:30,downlink_snr,18.1409
2024-03-15T10:16:30,rx_lock,1.0
2024-03-15T10:16:40,battery_voltage,24.9111
2024-03-15T10:16:40,solar_current,2.2635
2024-03-15T10:16:40,bus_temperature,19.4791
2024-03-15T10:16:40,attitude_error,0.4121
2024-03-15T10:16:40,downlink_snr,17.4747
2024-03-15T10:16:40,rx_lock,1.0
2024-03-15T10:16:50,battery_voltage,24.0975
2024-03-15T10:16:50,solar_current,2.1236
2024-03-15T10:16:50,bus_temperature,21.361
2024-03-15T10:16:50,attitude_error,0.4272
2024-03-15T10:16:50,downlink_snr,19.5099
2024-03-15T10:16:50,rx_lock,1.0
2024-03-15T10:17:00,battery_voltage,24.2039
2024-03-15T10:17:00,solar_current,1.989
2024-03-15T10:17:00,bus_temperature,20.4504
2024-03-15T10:17:00,attitude_error,0.3797
2024-03-15T10:17:00,downlink_snr,17.9771
2024-03-15T10:17:00,rx_lock,1.0
2024-03-15T10:17:10,battery_voltage,24.2312
2024-03-15T10:17:10,solar_current,2.0801
2024-03-15T10:17:10,bus_temperature,23.1316
2024-03-15T10:17:10,attitude_error,0.4475
2024-03-15T10:17:10,downlink_snr,18.4497
2024-03-15T10:17:10,rx_lock,1.0
2024-03-15T10:17:20,battery_voltage,24.0044
2024-03-15T10:17:20,solar_current,2.0243
2024-03-15T10:17:20,bus_temperature,22.4151
2024-03-15T10:17:20,attitude_error,0.4641
2024-03-15T10:17:20,downlink_snr,16.402
2024-03-15T10:17:20,rx_lock,1.0
2024-03-15T10:17:30,battery_voltage,24.5478
2024-03-15T10:17:30,solar_current,1.9388
2024-03-15T10:17:30,bus_temperature,21.8114
2024-03-15T10:17:30,attitude_error,0.453
2024-03-15T10:17:30,downlink_snr,18.3879
2024-03-15T10:17:30,rx_lock,1.0
2024-03-15T10:17:40,battery_voltage,24.5217
2024-03-15T10:17:40,solar_current,2.1305
2024-03-15T10:17:40,bus_temperature,20.8263
2024-03-15T10:17:40,attitude_error,0.383
2024-03-15T10:17:40,downlink_snr,19.2531
2024-03-15T10:17:40,rx_lock,1.0
2024-03-15T10:17:50,battery_voltage,24.4387
2024-03-15T10:17:50,solar_current,2.3825
2024-03-15T10:17:50,bus_temperature,24.1535
2024-03-15T10:17:50,attitude_error,0.1973
2024-03-15T10:17:50,downlink_snr,18.1163
2024-03-15T10:17:50,rx_lock,1.0
2024-03-15T10:18:00,battery_voltage,24.1827
2024-03-15T10:18:00,solar_current,2.1412
2024-03-15T10:18:00,bus_temperature,22.1953
2024-03-15T10:18:00,attitude_error,0.4298
2024-03-15T10:18:00,downlink_snr,19.0625
2024-03-15T10:18:00,rx_lock,1.0
2024-03-15T10:18:10,battery_voltage,24.3763
2024-03-15T10:18:10,solar_current,2.0363
2024-03-15T10:18:10,bus_temperature,22.3438
2024-03-15T10:18:10,attitude_error,0.3772
2024-03-15T10:18:10,downlink_snr,17.7588
2024-03-15T10:18:10,rx_lock,1.0
2024-03-15T10:18:20,battery_voltage,24.2643
2024-03-15T10:18:20,solar_current,2.0345
2024-03-15T10:18:20,bus_temperature,22.7527
2024-03-15T10:18:20,attitude_error,0.3981
2024-03-15T10:18:20,downlink_snr,18.1237
2024-03-15T10:18:20,rx_lock,1.0
2024-03-15T10:18:30,battery_voltage,24.0921
2024-03-15T10:18:30,solar_current,2.137
2024-03-15T10:18:30,bus_temperature,23.8028
2024-03-15T10:18:30,attitude_error,0.297
2024-03-15T10:18:30,downlink_snr,18.3308
2024-03-15T10:18:30,rx_lock,1.0
2024-03-15T10:18:40,battery_voltage,24.7556
2024-03-15T10:18:40,solar_current,2.0893
2024-03-15T10:18:40,bus_temperature,20.5093
2024-03-15T10:18:40,attitude_error,0.3055
2024-03-15T10:18:40,downlink_snr,17.8489
2024-03-15T10:18:40,rx_lock,1.0
2024-03-15T10:18:50,battery_voltage,23.7729
2024-03-15T10:18:50,solar_current,2.1713
2024-03-15T10:18:50,bus_temperature,24.1388
2024-03-15T10:18:50,attitude_error,0.4341
2024-03-15T10:18:50,downlink_snr,18.5155
2024-03-15T10:18:50,rx_lock,1.0
2024-03-15T10:19:00,battery_voltage,24.8282
2024-03-15T10:19:00,solar_current,2.1037
2024-03-15T10:19:00,bus_temperature,20.9654
2024-03-15T10:19:00,attitude_error,0.3539
2024-03-15T10:19:00,downlink_snr,18.1819
2024-03-15T10:19:00,rx_lock,1.0
2024-03-15T10:19:10,battery_voltage,24.9669
2024-03-15T10:19:10,solar_current,1.8076
2024-03-15T10:19:10,bus_temperature,22.6515
2024-03-15T10:19:10,attitude_error,0.5563
2024-03-15T10:19:10,downlink_snr,17.1899
2024-03-15T10:19:10,rx_lock,1.0
2024-03-15T10:19:20,battery_voltage,24.1299
2024-03-15T10:19:20,solar_current,1.7048
2024-03-15T10:19:20,bus_temperature,20.323
2024-03-15T10:19:20,attitude_error,0.4568
2024-03-15T10:19:20,downlink_snr,16.6886
2024-03-15T10:19:20,rx_lock,1.0
2024-03-15T10:19:30,battery_voltage,23.9751
2024-03-15T10:19:30,solar_current,2.2086
2024-03-15T10:19:30,bus_temperature,22.3919
2024-03-15T10:19:30,attitude_error,0.3411
2024-03-15T10:19:30,downlink_snr,19.5549
2024-03-15T10:19:30,rx_lock,1.0
2024-03-15T10:19:40,battery_voltage,24.4629
2024-03-15T10:19:40,solar_current,2.2001
2024-03-15T10:19:40,bus_temperature,21.1255
2024-03-15T10:19:40,attitude_error,0.2563
2024-03-15T10:19:40,downlink_snr,19.1026
2024-03-15T10:19:40,rx_lock,1.0
2024-03-15T10:19:50,battery_voltage,24.3754
2024-03-15T10:19:50,solar_current,2.1499
2024-03-15T10:19:50,bus_temperature,22.2072
2024-03-15T10:19:50,attitude_error,0.3197
2024-03-15T10:19:50,downlink_snr,18.3654
2024-03-15T10:19:50,rx_lock,1.0
2024-03-15T10:22:10,battery_voltage,25.1441
2024-03-15T10:22:10,solar_current,2.3776
2024-03-15T10:22:10,bus_temperature,23.0093
2024-03-15T10:22:10,attitude_error,0.2878
2024-03-15T10:22:10,downlink_snr,21.7521
2024-03-15T10:22:10,rx_lock,1.0
2024-03-15T10:22:20,battery_voltage,24.1404
2024-03-15T10:22:20,solar_current,2.093
2024-03-15T10:22:20,bus_temperature,22.4266
2024-03-15T10:22:20,attitude_error,0.4044
2024-03-15T10:22:20,downlink_snr,16.8732
2024-03-15T10:22:20,rx_lock,1.0
2024-03-15T10:22:30,battery_voltage,24.6641
2024-03-15T10:22:30,solar_current,2.0363
2024-03-15T10:22:30,bus_temperature,20.1697
2024-03-15T10:22:30,attitude_error,0.3275
2024-03-15T10:22:30,downlink_snr,17.5632
2024-03-15T10:22:30,rx_lock,1.0
2024-03-15T10:22:40,battery_voltage,24.5068
2024-03-15T10:22:40,solar_current,1.9511
2024-03-15T10:22:40,bus_temperature,23.9349
2024-03-15T10:22:40,attitude_error,0.456
2024-03-15T10:22:40,downlink_snr,17.3026
2024-03-15T10:22:40,rx_lock,1.0
2024-03-15T10:22:50,battery_voltage,24.3281
2024-03-15T10:22:50,solar_current,2.5682
2024-03-15T10:22:50,bus_temperature,22.7372
2024-03-15T10:22:50,attitude_error,0.2836
2024-03-15T10:22:50,downlink_snr,17.1657
2024-03-15T10:22:50,rx_lock,1.0
2024-03-15T10:23:00,battery_voltage,24.573
2024-03-15T10:23:00,solar_current,2.3
2024-03-15T10:23:00,bus_temperature,21.7157
2024-03-15T10:23:00,attitude_error,0.1035
2024-03-15T10:23:00,downlink_snr,17.7273
2024-03-15T10:23:00,rx_lock,1.0
2024-03-15T10:23:10,battery_voltage,24.2012
2024-03-15T10:23:10,solar_current,2.0454
2024-03-15T10:23:10,bus_temperature,22.5433
2024-03-15T10:23:10,attitude_error,0.4876
2024-03-15T10:23:10,downlink_snr,18.0567
2024-03-15T10:23:10,rx_lock,1.0
2024-03-15T10:23:20,battery_voltage,24.0799
2024-03-15T10:23:20,solar_current,2.1726
2024-03-15T10:23:20,bus_temperature,23.8135
2024-03-15T10:23:20,attitude_error,0.4965
2024-03-15T10:23:20,downlink_snr,17.5287
2024-03-15T10:23:20,rx_lock,1.0
2024-03-15T10:23:30,battery_voltage,25.0832
2024-03-15T10:23:30,solar_current,2.4718
2024-03-15T10:23:30,bus_temperature,21.1402
2024-03-15T10:23:30,attitude_error,0.3533
2024-03-15T10:23:30,downlink_snr,18.6888
2024-03-15T10:23:30,rx_lock,1.0
2024-03-15T10:23:40,battery_voltage,24.8184
2024-03-15T10:23:40,solar_current,2.6197
2024-03-15T10:23:40,bus_temperature,24.5852
2024-03-15T10:23:40,attitude_error,0.495
2024-03-15T10:23:40,downlink_snr,17.4213
2024-03-15T10:23:40,rx_lock,1.0
2024-03-15T10:23:50,battery_voltage,24.6739
2024-03-15T10:23:50,solar_current,1.8957
2024-03-15T10:23:50,bus_temperature,21.6274
2024-03-15T10:23:50,attitude_error,0.2834
2024-03-15T10:23:50,downlink_snr,17.7217
2024-03-15T10:23:50,rx_lock,1.0
2024-03-15T10:24:00,battery_voltage,25.0631
2024-03-15T10:24:00,solar_current,2.11
2024-03-15T10:24:00,bus_temperature,23.8975
2024-03-15T10:24:00,attitude_error,0.232
2024-03-15T10:24:00,downlink_snr,19.5083
2024-03-15T10:24:00,rx_lock,1.0
2024-03-15T10:24:10,battery_voltage,24.9351
2024-03-15T10:24:10,solar_current,1.8253
2024-03-15T10:24:10,bus_temperature,21.5649
2024-03-15T10:24:10,attitude_error,0.5743
2024-03-15T10:24:10,downlink_snr,15.9922
2024-03-15T10:24:10,rx_lock,1.0
2024-03-15T10:24:20,battery_voltage,24.8565
2024-03-15T10:24:20,solar_current,2.1699
2024-03-15T10:24:20,bus_temperature,20.8951
2024-03-15T10:24:20,attitude_error,0.3601
2024-03-15T10:24:20,downlink_snr,19.2684
2024-03-15T10:24:20,rx_lock,1.0
2024-03-15T10:24:30,battery_voltage,24.3302
2024-03-15T10:24:30,solar_current,2.1074
2024-03-15T10:24:30,bus_temperature,20.6602
2024-03-15T10:24:30,attitude_error,0.3779
2024-03-15T10:24:30,downlink_snr,16.8138
2024-03-15T10:24:30,rx_lock,1.0
2024-03-15T10:24:40,battery_voltage,24.3796
2024-03-15T10:24:40,solar_current,2.0436
2024-03-15T10:24:40,bus_temperature,22.873
2024-03-15T10:24:40,attitude_error,0.3578
2024-03-15T10:24:40,downlink_snr,16.7678
2024-03-15T10:24:40,rx_lock,1.0
2024-03-15T10:24:50,battery_voltage,24.5143
2024-03-15T10:24:50,solar_current,2.041
2024-03-15T10:24:50,bus_temperature,21.922
2024-03-15T10:24:50,attitude_error,0.2438
2024-03-15T10:24:50,downlink_snr,18.3718
2024-03-15T10:24:50,rx_lock,1.0
2024-03-15T10:25:00,battery_voltage,24.2254
2024-03-15T10:25:00,solar_current,2.3418
2024-03-15T10:25:00,bus_temperature,18.1919
2024-03-15T10:25:00,attitude_error,0.3725
2024-03-15T10:25:00,downlink_snr,18.0081
2024-03-15T10:25:00,rx_lock,1.0
2024-03-15T10:25:10,battery_voltage,23.989
2024-03-15T10:25:10,solar_current,1.8833
2024-03-15T10:25:10,bus_temperature,23.1369
2024-03-15T10:25:10,attitude_error,0.3234
2024-03-15T10:25:10,downlink_snr,16.9097
2024-03-15T10:25:10,rx_lock,1.0
2024-03-15T10:25:20,battery_voltage,24.4462
2024-03-15T10:25:20,solar_current,1.8537
2024-03-15T10:25:20,bus_temperature,23.1725
2024-03-15T10:25:20,attitude_error,0.4637
2024-03-15T10:25:20,downlink_snr,18.9287
2024-03-15T10:25:20,rx_lock,1.0
2024-03-15T10:25:30,battery_voltage,24.2566
2024-03-15T10:25:30,solar_current,2.3609
2024-03-15T10:25:30,bus_temperature,20.2748
2024-03-15T10:25:30,attitude_error,0.242
2024-03-15T10:25:30,downlink_snr,19.1876
2024-03-15T10:25:30,rx_lock,1.0
2024-03-15T10:25:40,battery_voltage,24.0245
2024-03-15T10:25:40,solar_current,1.9704
2024-03-15T10:25:40,bus_temperature,24.1826
2024-03-15T10:25:40,attitude_error,0.412
2024-03-15T10:25:40,downlink_snr,15.9744
2024-03-15T10:25:40,rx_lock,0.0
2024-03-15T10:25:50,battery_voltage,24.8852
2024-03-15T10:25:50,solar_current,2.2177
2024-03-15T10:25:50,bus_temperature,26.5536
2024-03-15T10:25:50,attitude_error,0.2354
2024-03-15T10:25:50,downlink_snr,17.9783
2024-03-15T10:25:50,rx_lock,1.0
2024-03-15T10:26:00,battery_voltage,24.18
2024-03-15T10:26:00,solar_current,1.8291
2024-03-15T10:26:00,bus_temperature,19.7319
2024-03-15T10:26:00,attitude_error,0.2556
2024-03-15T10:26:00,downlink_snr,18.5333
2024-03-15T10:26:00,rx_lock,1.0
2024-03-15T10:26:10,battery_voltage,25.0129
2024-03-15T10:26:10,solar_current,2.2016
2024-03-15T10:26:10,bus_temperature,21.6087
2024-03-15T10:26:10,attitude_error,0.4934
2024-03-15T10:26:10,downlink_snr,18.7509
2024-03-15T10:26:10,rx_lock,1.0
2024-03-15T10:26:20,battery_voltage,24.7926
2024-03-15T10:26:20,solar_current,2.1322
2024-03-15T10:26:20,bus_temperature,21.1168
2024-03-15T10:26:20,attitude_error,0.5779
2024-03-15T10:26:20,downlink_snr,18.9632
2024-03-15T10:26:20,rx_lock,1.0
2024-03-15T10:26:30,battery_voltage,24.5382
2024-03-15T10:26:30,solar_current,2.5411
2024-03-15T10:26:30,bus_temperature,23.0379
2024-03-15T10:26:30,attitude_error,0.4871
2024-03-15T10:26:30,downlink_snr,17.9808
2024-03-15T10:26:30,rx_lock,0.0
2024-03-15T10:26:40,battery_voltage,24.7303
2024-03-15T10:26:40,solar_current,2.2448
2024-03-15T10:26:40,bus_temperature,18.9608
2024-03-15T10:26:40,attitude_error,0.3742
2024-03-15T10:26:40,downlink_snr,17.4732
2024-03-15T10:26:40,rx_lock,1.0
2024-03-15T10:26:50,battery_voltage,24.2744
2024-03-15T10:26:50,solar_current,2.3196
2024-03-15T10:26:50,bus_temperature,20.9871
2024-03-15T10:26:50,attitude_error,0.3195
2024-03-15T10:26:50,downlink_snr,17.9988
2024-03-15T10:26:50,rx_lock,1.0
2024-03-15T10:27:00,battery_voltage,25.0796
2024-03-15T10:27:00,solar_current,1.9279
2024-03-15T10:27:00,bus_temperature,23.1423
2024-03-15T10:27:00,attitude_error,0.4105
2024-03-15T10:27:00,downlink_snr,19.2984
2024-03-15T10:27:00,rx_lock,1.0
2024-03-15T10:27:10,battery_voltage,24.7507
2024-03-15T10:27:10,solar_current,2.0923
2024-03-15T10:27:10,bus_temperature,24.1769
2024-03-15T10:27:10,attitude_error,0.3798
2024-03-15T10:27:10,downlink_snr,17.8021
2024-03-15T10:27:10,rx_lock,1.0
2024-03-15T10:27:20,battery_voltage,24.883
2024-03-15T10:27:20,solar_current,2.0979
2024-03-15T10:27:20,bus_temperature,21.5246
2024-03-15T10:27:20,attitude_error,0.308
2024-03-15T10:27:20,downlink_snr,17.2736
2024-03-15T10:27:20,rx_lock,1.0
2024-03-15T10:27:30,battery_voltage,24.3789
2024-03-15T10:27:30,solar_current,2.449
2024-03-15T10:27:30,bus_temperature,20.9065
2024-03-15T10:27:30,attitude_error,0.3419
2024-03-15T10:27:30,downlink_snr,17.0896
2024-03-15T10:27:30,rx_lock,1.0
2024-03-15T10:27:40,battery_voltage,24.1838
2024-03-15T10:27:40,solar_current,2.0467
2024-03-15T10:27:40,bus_temperature,19.8357
2024-03-15T10:27:40,attitude_error,0.4741
2024-03-15T10:27:40,downlink_snr,16.8044
2024-03-15T10:27:40,rx_lock,1.0
2024-03-15T10:27:50,battery_voltage,24.3437
2024-03-15T10:27:50,solar_current,1.9633
2024-03-15T10:27:50,bus_temperature,20.1603
2024-03-15T10:27:50,attitude_error,0.4478
2024-03-15T10:27:50,downlink_snr,17.9519
2024-03-15T10:27:50,rx_lock,1.0
2024-03-15T10:28:00,battery_voltage,24.3704
2024-03-15T10:28:00,solar_current,2.098
2024-03-15T10:28:00,bus_temperature,21.0678
2024-03-15T10:28:00,attitude_error,0.484
2024-03-15T10:28:00,downlink_snr,18.9192
2024-03-15T10:28:00,rx_lock,1.0
2024-03-15T10:28:10,battery_voltage,23.8487
2024-03-15T10:28:10,solar_current,2.0148
2024-03-15T10:28:10,bus_temperature,22.56
2024-03-15T10:28:10,attitude_error,0.3326
2024-03-15T10:28:10,downlink_snr,18.5186
2024-03-15T10:28:10,rx_lock,1.0
2024-03-15T10:28:20,battery_voltage,24.1932
2024-03-15T10:28:20,solar_current,2.0961
2024-03-15T10:28:20,bus_temperature,20.6361
2024-03-15T10:28:20,attitude_error,0.5923
2024-03-15T10:28:20,downlink_snr,19.6994
2024-03-15T10:28:20,rx_lock,1.0
2024-03-15T10:28:30,battery_voltage,25.0819
2024-03-15T10:28:30,solar_current,2.0171
2024-03-15T10:28:30,bus_temperature,21.3235
2024-03-15T10:28:30,attitude_error,0.124
2024-03-15T10:28:30,downlink_snr,19.7689
2024-03-15T10:28:30,rx_lock,1.0
2024-03-15T10:28:40,battery_voltage,24.3893
2024-03-15T10:28:40,solar_current,2.1085
2024-03-15T10:28:40,bus_temperature,21.757
2024-03-15T10:28:40,attitude_error,0.2928
2024-03-15T10:28:40,downlink_snr,17.7491
2024-03-15T10:28:40,rx_lock,1.0
2024-03-15T10:28:50,battery_voltage,24.3136
2024-03-15T10:28:50,solar_current,1.8658
2024-03-15T10:28:50,bus_temperature,23.5651
2024-03-15T10:28:50,attitude_error,0.1867
2024-03-15T10:28:50,downlink_snr,18.5672
2024-03-15T10:28:50,rx_lock,0.0
2024-03-15T10:29:00,battery_voltage,24.6378
2024-03-15T10:29:00,solar_current,2.2918
2024-03-15T10:29:00,bus_temperature,20.7195
2024-03-15T10:29:00,attitude_error,0.4609
2024-03-15T10:29:00,downlink_snr,17.6409
2024-03-15T10:29:00,rx_lock,1.0
2024-03-15T10:29:10,battery_voltage,24.7942
2024-03-15T10:29:10,solar_current,1.7081
2024-03-15T10:29:10,bus_temperature,21.5051
2024-03-15T10:29:10,attitude_error,0.497
2024-03-15T10:29:10,downlink_snr,19.544
2024-03-15T10:29:10,rx_lock,1.0
2024-03-15T10:29:20,battery_voltage,25.0583
2024-03-15T10:29:20,solar_current,2.0097
2024-03-15T10:29:20,bus_temperature,22.0314
2024-03-15T10:29:20,attitude_error,0.441
2024-03-15T10:29:20,downlink_snr,17.6487
2024-03-15T10:29:20,rx_lock,1.0
2024-03-15T10:29:30,battery_voltage,24.263
2024-03-15T10:29:30,solar_current,1.8106
2024-03-15T10:29:30,bus_temperature,23.4743
2024-03-15T10:29:30,attitude_error,0.3653
2024-03-15T10:29:30,downlink_snr,17.9719
2024-03-15T10:29:30,rx_lock,1.0
2024-03-15T10:29:40,battery_voltage,24.3264
2024-03-15T10:29:40,solar_current,2.2884
2024-03-15T10:29:40,bus_temperature,23.0135
2024-03-15T10:29:40,attitude_error,0.1938
2024-03-15T10:29:40,downlink_snr,19.3428
2024-03-15T10:29:40,rx_lock,0.0
2024-03-15T10:29:50,battery_voltage,24.2769
2024-03-15T10:29:50,solar_current,2.2573
2024-03-15T10:29:50,bus_temperature,24.809
2024-03-15T10:29:50,attitude_error,0.3399
2024-03-15T10:29:50,downlink_snr,19.2345
2024-03-15T10:29:50,rx_lock,1.0
2024-03-15T10:30:00,battery_voltage,24.7668
2024-03-15T10:30:00,solar_current,2.2867
2024-03-15T10:30:00,bus_temperature,21.8038
2024-03-15T10:30:00,attitude_error,0.348
2024-03-15T10:30:00,downlink_snr,18.3875
2024-03-15T10:30:00,rx_lock,1.0
2024-03-15T10:30:10,battery_voltage,24.6909
2024-03-15T10:30:10,solar_current,1.9202
2024-03-15T10:30:10,bus_temperature,20.8802
2024-03-15T10:30:10,attitude_error,0.2777
2024-03-15T10:30:10,downlink_snr,17.8297
2024-03-15T10:30:10,rx_lock,1.0
2024-03-15T10:30:20,battery_voltage,24.4643
2024-03-15T10:30:20,solar_current,2.1042
2024-03-15T10:30:20,bus_temperature,22.7776
2024-03-15T10:30:20,attitude_error,0.3654
2024-03-15T10:30:20,downlink_snr,17.8512
2024-03-15T10:30:20,rx_lock,1.0
2024-03-15T10:30:30,battery_voltage,24.5557
2024-03-15T10:30:30,solar_current,2.2345
2024-03-15T10:30:30,bus_temperature,22.9146
2024-03-15T10:30:30,attitude_error,0.3348
2024-03-15T10:30:30,downlink_snr,19.2894
2024-03-15T10:30:30,rx_lock,0.0
2024-03-15T10:30:40,battery_voltage,25.0156
2024-03-15T10:30:40,solar_current,2.1704
2024-03-15T10:30:40,bus_temperature,21.3485
2024-03-15T10:30:40,attitude_error,0.452
2024-03-15T10:30:40,downlink_snr,18.5538
2024-03-15T10:30:40,rx_lock,1.0
2024-03-15T10:30:50,battery_voltage,24.4636
2024-03-15T10:30:50,solar_current,2.0612
2024-03-15T10:30:50,bus_temperature,24.6385
2024-03-15T10:30:50,attitude_error,0.4165
2024-03-15T10:30:50,downlink_snr,18.067
2024-03-15T10:30:50,rx_lock,1.0
2024-03-15T10:31:00,battery_voltage,24.7646
2024-03-15T10:31:00,solar_current,2.4114
2024-03-15T10:31:00,bus_temperature,22.798
2024-03-15T10:31:00,attitude_error,0.2367
2024-03-15T10:31:00,downlink_snr,17.73
2024-03-15T10:31:00,rx_lock,1.0
2024-03-15T10:31:10,battery_voltage,24.563
2024-03-15T10:31:10,solar_current,1.8637
2024-03-15T10:31:10,bus_temperature,23.3751
2024-03-15T10:31:10,attitude_error,0.4749
2024-03-15T10:31:10,downlink_snr,18.2804
2024-03-15T10:31:10,rx_lock,1.0
2024-03-15T10:31:20,battery_voltage,24.47
2024-03-15T10:31:20,solar_current,2.2628
2024-03-15T10:31:20,bus_temperature,20.6491
2024-03-15T10:31:20,attitude_error,0.151
2024-03-15T10:31:20,downlink_snr,18.672
2024-03-15T10:31:20,rx_lock,1.0
2024-03-15T10:31:30,battery_voltage,24.1986
2024-03-15T10:31:30,solar_current,2.1267
2024-03-15T10:31:30,bus_temperature,21.3194
2024-03-15T10:31:30,attitude_error,0.2931
2024-03-15T10:31:30,downlink_snr,18.3295
2024-03-15T10:31:30,rx_lock,1.0
2024-03-15T10:31:40,battery_voltage,24.437
2024-03-15T10:31:40,solar_current,2.0427
2024-03-15T10:31:40,bus_temperature,21.6521
2024-03-15T10:31:40,attitude_error,0.3778
2024-03-15T10:31:40,downlink_snr,19.3986
2024-03-15T10:31:40,rx_lock,1.0
2024-03-15T10:31:50,battery_voltage,24.0587
2024-03-15T10:31:50,solar_current,2.6758
2024-03-15T10:31:50,bus_temperature,20.3808
2024-03-15T10:31:50,attitude_error,0.379
2024-03-15T10:31:50,downlink_snr,17.6396
2024-03-15T10:31:50,rx_lock,1.0
2024-03-15T10:32:00,battery_voltage,24.4157
2024-03-15T10:32:00,solar_current,2.2746
2024-03-15T10:32:00,bus_temperature,20.2621
2024-03-15T10:32:00,attitude_error,0.419
2024-03-15T10:32:00,downlink_snr,16.4138
2024-03-15T10:32:00,rx_lock,1.0
2024-03-15T10:32:10,battery_voltage,24.2938
2024-03-15T10:32:10,solar_current,2.1432
2024-03-15T10:32:10,bus_temperature,21.1258
2024-03-15T10:32:10,attitude_error,0.4932
2024-03-15T10:32:10,downlink_snr,17.6138
2024-03-15T10:32:10,rx_lock,1.0
2024-03-15T10:32:20,battery_voltage,24.5675
2024-03-15T10:32:20,solar_current,2.0015
2024-03-15T10:32:20,bus_temperature,20.7492
2024-03-15T10:32:20,attitude_error,0.53
2024-03-15T10:32:20,downlink_snr,19.8538
2024-03-15T10:32:20,rx_lock,1.0
2024-03-15T10:32:30,battery_voltage,24.5652
2024-03-15T10:32:30,solar_current,2.0229
2024-03-15T10:32:30,bus_temperature,24.0192
2024-03-15T10:32:30,attitude_error,0.4934
2024-03-15T10:32:30,downlink_snr,18.4825
2024-03-15T10:32:30,rx_lock,1.0
2024-03-15T10:32:40,battery_voltage,24.146
2024-03-15T10:32:40,solar_current,1.9344
2024-03-15T10:32:40,bus_temperature,21.4937
2024-03-15T10:32:40,attitude_error,0.4672
2024-03-15T10:32:40,downlink_snr,18.649
2024-03-15T10:32:40,rx_lock,1.0
2024-03-15T10:32:50,battery_voltage,24.5011
2024-03-15T10:32:50,solar_current,1.6974
2024-03-15T10:32:50,bus_temperature,21.287
2024-03-15T10:32:50,attitude_error,0.1415
2024-03-15T10:32:50,downlink_snr,17.2483
2024-03-15T10:32:50,rx_lock,1.0
2024-03-15T10:33:00,battery_voltage,24.3353
2024-03-15T10:33:00,solar_current,2.1678
2024-03-15T10:33:00,bus_temperature,24.1337
2024-03-15T10:33:00,attitude_error,0.4077
2024-03-15T10:33:00,downlink_snr,18.4724
2024-03-15T10:33:00,rx_lock,1.0
2024-03-15T10:33:10,battery_voltage,24.1574
2024-03-15T10:33:10,solar_current,2.3508
2024-03-15T10:33:10,bus_temperature,19.5679
2024-03-15T10:33:10,attitude_error,0.3185
2024-03-15T10:33:10,downlink_snr,19.5252
2024-03-15T10:33:10,rx_lock,1.0
2024-03-15T10:33:20,battery_voltage,23.8281
2024-03-15T10:33:20,solar_current,1.8831
2024-03-15T10:33:20,bus_temperature,20.5914
2024-03-15T10:33:20,attitude_error,0.6269
2024-03-15T10:33:20,downlink_snr,18.3778
2024-03-15T10:33:20,rx_lock,1.0
2024-03-15T10:33:30,battery_voltage,24.4793
2024-03-15T10:33:30,solar_current,2.2254
2024-03-15T10:33:30,bus_temperature,21.6223
2024-03-15T10:33:30,attitude_error,0.3178
2024-03-15T10:33:30,downlink_snr,17.9408
2024-03-15T10:33:30,rx_lock,1.0
2024-03-15T10:33:40,battery_voltage,24.5281
2024-03-15T10:33:40,solar_current,1.9149
2024-03-15T10:33:40,bus_temperature,21.3855
2024-03-15T10:33:40,attitude_error,0.489
2024-03-15T10:33:40,downlink_snr,19.1018
2024-03-15T10:33:40,rx_lock,0.0
2024-03-15T10:33:50,battery_voltage,24.4949
2024-03-15T10:33:50,solar_current,1.9608
2024-03-15T10:33:50,bus_temperature,20.8005
2024-03-15T10:33:50,attitude_error,0.4441
2024-03-15T10:33:50,downlink_snr,16.9049
2024-03-15T10:33:50,rx_lock,1.0
2024-03-15T10:34:00,battery_voltage,24.8496
2024-03-15T10:34:00,solar_current,2.0232
2024-03-15T10:34:00,bus_temperature,21.7396
2024-03-15T10:34:00,attitude_error,0.4554
2024-03-15T10:34:00,downlink_snr,18.19
2024-03-15T10:34:00,rx_lock,1.0
2024-03-15T10:34:10,battery_voltage,24.3901
2024-03-15T10:34:10,solar_current,1.9584
2024-03-15T10:34:10,bus_temperature,21.091
2024-03-15T10:34:10,attitude_error,0.3019
2024-03-15T10:34:10,downlink_snr,17.2536
2024-03-15T10:34:10,rx_lock,1.0
2024-03-15T10:34:20,battery_voltage,24.5854
2024-03-15T10:34:20,solar_current,2.2601
2024-03-15T10:34:20,bus_temperature,23.0428
2024-03-15T10:34:20,attitude_error,0.3688
2024-03-15T10:34:20,downlink_snr,19.4737
2024-03-15T10:34:20,rx_lock,1.0
2024-03-15T10:34:30,battery_voltage,24.4545
2024-03-15T10:34:30,solar_current,2.0471
2024-03-15T10:34:30,bus_temperature,20.3949
2024-03-15T10:34:30,attitude_error,0.4827
2024-03-15T10:34:30,downlink_snr,18.846
2024-03-15T10:34:30,rx_lock,1.0
2024-03-15T10:34:40,battery_voltage,24.5123
2024-03-15T10:34:40,solar_current,2.2
2024-03-15T10:34:40,bus_temperature,22.875
2024-03-15T10:34:40,attitude_error,0.3941
2024-03-15T10:34:40,downlink_snr,18.1099
2024-03-15T10:34:40,rx_lock,1.0
2024-03-15T10:34:50,battery_voltage,24.6321
2024-03-15T10:34:50,solar_current,2.2747
2024-03-15T10:34:50,bus_temperature,21.4929
2024-03-15T10:34:50,attitude_error,0.2872
2024-03-15T10:34:50,downlink_snr,18.906
2024-03-15T10:34:50,rx_lock,1.0
2024-03-15T10:35:00,battery_voltage,24.0294
2024-03-15T10:35:00,solar_current,2.138
2024-03-15T10:35:00,bus_temperature,21.6633
2024-03-15T10:35:00,attitude_error,0.6238
2024-03-15T10:35:00,downlink_snr,18.2648
2024-03-15T10:35:00,rx_lock,1.0
2024-03-15T10:35:10,battery_voltage,24.1519
2024-03-15T10:35:10,solar_current,1.9804
2024-03-15T10:35:10,bus_temperature,21.6073
2024-03-15T10:35:10,attitude_error,0.2994
2024-03-15T10:35:10,downlink_snr,18.1539
2024-03-15T10:35:10,rx_lock,1.0
2024-03-15T10:35:20,battery_voltage,24.5408
2024-03-15T10:35:20,solar_current,2.1879
2024-03-15T10:35:20,bus_temperature,20.0259
2024-03-15T10:35:20,attitude_error,0.5107
2024-03-15T10:35:20,downlink_snr,16.0455
2024-03-15T10:35:20,rx_lock,1.0
2024-03-15T10:35:30,battery_voltage,24.6253
2024-03-15T10:35:30,solar_current,1.9762
2024-03-15T10:35:30,bus_temperature,54.0
2024-03-15T10:35:30,attitude_error,0.3354
2024-03-15T10:35:30,downlink_snr,17.3164
2024-03-15T10:35:30,rx_lock,1.0
2024-03-15T10:35:40,battery_voltage,24.6575
2024-03-15T10:35:40,solar_current,2.0395
2024-03-15T10:35:40,bus_temperature,22.789
2024-03-15T10:35:40,attitude_error,0.3509
2024-03-15T10:35:40,downlink_snr,17.9676
2024-03-15T10:35:40,rx_lock,1.0
2024-03-15T10:35:50,battery_voltage,24.731
2024-03-15T10:35:50,solar_current,1.9967
2024-03-15T10:35:50,bus_temperature,21.6072
2024-03-15T10:35:50,attitude_error,0.217
2024-03-15T10:35:50,downlink_snr,18.2918
2024-03-15T10:35:50,rx_lock,1.0
2024-03-15T10:36:00,battery_voltage,24.2979
2024-03-15T10:36:00,solar_current,2.1884
2024-03-15T10:36:00,bus_temperature,23.9265
2024-03-15T10:36:00,attitude_error,0.4094
2024-03-15T10:36:00,downlink_snr,16.5431
2024-03-15T10:36:00,rx_lock,1.0
2024-03-15T10:36:10,battery_voltage,24.5501
2024-03-15T10:36:10,solar_current,1.8689
2024-03-15T10:36:10,bus_temperature,22.0708
2024-03-15T10:36:10,attitude_error,0.2312
2024-03-15T10:36:10,downlink_snr,15.8449
2024-03-15T10:36:10,rx_lock,1.0
2024-03-15T10:36:20,battery_voltage,24.715
2024-03-15T10:36:20,solar_current,1.9153
2024-03-15T10:36:20,bus_temperature,20.4225
2024-03-15T10:36:20,attitude_error,0.4924
2024-03-15T10:36:20,downlink_snr,16.9418
2024-03-15T10:36:20,rx_lock,1.0
2024-03-15T10:36:30,battery_voltage,24.7948
2024-03-15T10:36:30,solar_current,2.1899
2024-03-15T10:36:30,bus_temperature,21.6083
2024-03-15T10:36:30,attitude_error,0.4758
2024-03-15T10:36:30,downlink_snr,19.1166
2024-03-15T10:36:30,rx_lock,1.0
2024-03-15T10:36:40,battery_voltage,24.6234
2024-03-15T10:36:40,solar_current,2.0346
2024-03-15T10:36:40,bus_temperature,22.1528
2024-03-15T10:36:40,attitude_error,0.4196
2024-03-15T10:36:40,downlink_snr,17.6519
2024-03-15T10:36:40,rx_lock,1.0
2024-03-15T10:36:50,battery_voltage,24.7547
2024-03-15T10:36:50,solar_current,1.882
2024-03-15T10:36:50,bus_temperature,20.3297
2024-03-15T10:36:50,attitude_error,0.3951
2024-03-15T10:36:50,downlink_snr,16.3305
2024-03-15T10:36:50,rx_lock,1.0
2024-03-15T10:37:00,battery_voltage,24.3221
2024-03-15T10:37:00,solar_current,1.7536
2024-03-15T10:37:00,bus_temperature,22.8489
2024-03-15T10:37:00,attitude_error,0.3491
2024-03-15T10:37:00,downlink_snr,17.2815
2024-03-15T10:37:00,rx_lock,1.0
2024-03-15T10:37:10,battery_voltage,24.5626
2024-03-15T10:37:10,solar_current,2.1581
2024-03-15T10:37:10,bus_temperature,24.5571
2024-03-15T10:37:10,attitude_error,0.5297
2024-03-15T10:37:10,downlink_snr,17.1231
2024-03-15T10:37:10,rx_lock,1.0
2024-03-15T10:37:20,battery_voltage,24.8954
2024-03-15T10:37:20,solar_current,2.1706
2024-03-15T10:37:20,bus_temperature,23.0005
2024-03-15T10:37:20,attitude_error,0.3005
2024-03-15T10:37:20,downlink_snr,18.4101
2024-03-15T10:37:20,rx_lock,1.0
2024-03-15T10:37:30,battery_voltage,24.6572
2024-03-15T10:37:30,solar_current,2.2623
2024-03-15T10:37:30,bus_temperature,21.6844
2024-03-15T10:37:30,attitude_error,0.5003
2024-03-15T10:37:30,downlink_snr,17.2885
2024-03-15T10:37:30,rx_lock,1.0
2024-03-15T10:37:40,battery_voltage,24.8441
2024-03-15T10:37:40,solar_current,2.0556
2024-03-15T10:37:40,bus_temperature,21.5574
2024-03-15T10:37:40,attitude_error,0.5248
2024-03-15T10:37:40,downlink_snr,18.8428
2024-03-15T10:37:40,rx_lock,1.0
2024-03-15T10:37:50,battery_voltage,24.4279
2024-03-15T10:37:50,solar_current,1.8116
2024-03-15T10:37:50,bus_temperature,24.5361
2024-03-15T10:37:50,attitude_error,0.2872
2024-03-15T10:37:50,downlink_snr,17.3387
2024-03-15T10:37:50,rx_lock,1.0
2024-03-15T10:38:00,battery_voltage,24.8435
2024-03-15T10:38:00,solar_current,1.7925
2024-03-15T10:38:00,bus_temperature,25.1822
2024-03-15T10:38:00,attitude_error,0.3683
2024-03-15T10:38:00,downlink_snr,17.0543
2024-03-15T10:38:00,rx_lock,1.0
2024-03-15T10:38:10,battery_voltage,24.7389
2024-03-15T10:38:10,solar_current,2.0346
2024-03-15T10:38:10,bus_temperature,20.1016
2024-03-15T10:38:10,attitude_error,0.5239
2024-03-15T10:38:10,downlink_snr,18.5758
2024-03-15T10:38:10,rx_lock,1.0
2024-03-15T10:38:20,battery_voltage,24.088
2024-03-15T10:38:20,solar_current,2.0786
2024-03-15T10:38:20,bus_temperature,19.7244
2024-03-15T10:38:20,attitude_error,0.2579
2024-03-15T10:38:20,downlink_snr,17.7621
2024-03-15T10:38:20,rx_lock,1.0
2024-03-15T10:38:30,battery_voltage,24.316
2024-03-15T10:38:30,solar_current,2.2449
2024-03-15T10:38:30,bus_temperature,22.4419
2024-03-15T10:38:30,attitude_error,0.4629
2024-03-15T10:38:30,downlink_snr,19.0923
2024-03-15T10:38:30,rx_lock,1.0
2024-03-15T10:38:40,battery_voltage,24.3882
2024-03-15T10:38:40,solar_current,2.152
2024-03-15T10:38:40,bus_temperature,22.4573
2024-03-15T10:38:40,attitude_error,0.4258
2024-03-15T10:38:40,downlink_snr,17.6171
2024-03-15T10:38:40,rx_lock,1.0
2024-03-15T10:38:50,battery_voltage,24.8172
2024-03-15T10:38:50,solar_current,1.7431
2024-03-15T10:38:50,bus_temperature,23.3213
2024-03-15T10:38:50,attitude_error,0.4213
2024-03-15T10:38:50,downlink_snr,18.0542
2024-03-15T10:38:50,rx_lock,1.0
2024-03-15T10:39:00,battery_voltage,24.3418
2024-03-15T10:39:00,solar_current,2.2977
2024-03-15T10:39:00,bus_temperature,24.4107
2024-03-15T10:39:00,attitude_error,0.4241
2024-03-15T10:39:00,downlink_snr,16.1962
2024-03-15T10:39:00,rx_lock,1.0
2024-03-15T10:39:10,battery_voltage,24.2148
2024-03-15T10:39:10,solar_current,2.1785
2024-03-15T10:39:10,bus_temperature,21.5069
2024-03-15T10:39:10,attitude_error,0.3341
2024-03-15T10:39:10,downlink_snr,17.2308
2024-03-15T10:39:10,rx_lock,1.0
2024-03-15T10:39:20,battery_voltage,24.5844
2024-03-15T10:39:20,solar_current,1.8655
2024-03-15T10:39:20,bus_temperature,22.5847
2024-03-15T10:39:20,attitude_error,0.3336
2024-03-15T10:39:20,downlink_snr,19.693
2024-03-15T10:39:20,rx_lock,1.0
2024-03-15T10:39:30,battery_voltage,24.6464
2024-03-15T10:39:30,solar_current,1.9352
2024-03-15T10:39:30,bus_temperature,26.0916
2024-03-15T10:39:30,attitude_error,0.3059
2024-03-15T10:39:30,downlink_snr,17.2099
2024-03-15T10:39:30,rx_lock,1.0
2024-03-15T10:39:40,battery_voltage,24.5582
2024-03-15T10:39:40,solar_current,1.587
2024-03-15T10:39:40,bus_temperature,21.3295
2024-03-15T10:39:40,attitude_error,0.4733
2024-03-15T10:39:40,downlink_snr,16.3588
2024-03-15T10:39:40,rx_lock,1.0
2024-03-15T10:39:50,battery_voltage,24.5
2024-03-15T10:39:50,solar_current,2.3863
2024-03-15T10:39:50,bus_temperature,23.3414
2024-03-15T10:39:50,attitude_error,0.3096
2024-03-15T10:39:50,downlink_snr,19.5459
2024-03-15T10:39:50,rx_lock,1.0
2024-03-15T10:40:00,battery_voltage,24.8486
2024-03-15T10:40:00,solar_current,2.0258
2024-03-15T10:40:00,bus_temperature,24.4842
2024-03-15T10:40:00,attitude_error,0.369
2024-03-15T10:40:00,downlink_snr,20.149
2024-03-15T10:40:00,rx_lock,1.0
2024-03-15T10:40:10,battery_voltage,23.8295
2024-03-15T10:40:10,solar_current,2.2852
2024-03-15T10:40:10,bus_temperature,22.2872
2024-03-15T10:40:10,attitude_error,0.5078
2024-03-15T10:40:10,downlink_snr,17.8638
2024-03-15T10:40:10,rx_lock,1.0
2024-03-15T10:40:20,battery_voltage,24.5565
2024-03-15T10:40:20,solar_current,1.9533
2024-03-15T10:40:20,bus_temperature,21.9861
2024-03-15T10:40:20,attitude_error,0.4969
2024-03-15T10:40:20,downlink_snr,17.9667
2024-03-15T10:40:20,rx_lock,0.0
2024-03-15T10:40:30,battery_voltage,25.0202
2024-03-15T10:40:30,solar_current,1.939
2024-03-15T10:40:30,bus_temperature,20.4385
2024-03-15T10:40:30,attitude_error,0.2568
2024-03-15T10:40:30,downlink_snr,18.5337
2024-03-15T10:40:30,rx_lock,1.0
2024-03-15T10:40:40,battery_voltage,24.6877
2024-03-15T10:40:40,solar_current,2.0637
2024-03-15T10:40:40,bus_temperature,21.2266
2024-03-15T10:40:40,attitude_error,0.3699
2024-03-15T10:40:40,downlink_snr,16.9512
2024-03-15T10:40:40,rx_lock,0.0
2024-03-15T10:40:50,battery_voltage,24.7027
2024-03-15T10:40:50,solar_current,2.1734
2024-03-15T10:40:50,bus_temperature,22.963
2024-03-15T10:40:50,attitude_error,0.2914
2024-03-15T10:40:50,downlink_snr,17.8254
2024-03-15T10:40:50,rx_lock,1.0
2024-03-15T10:41:00,battery_voltage,24.1363
2024-03-15T10:41:00,solar_current,2.0599
2024-03-15T10:41:00,bus_temperature,23.2336
2024-03-15T10:41:00,attitude_error,0.4997
2024-03-15T10:41:00,downlink_snr,18.3084
2024-03-15T10:41:00,rx_lock,1.0
2024-03-15T10:41:10,battery_voltage,24.3598
2024-03-15T10:41:10,solar_current,2.1258
2024-03-15T10:41:10,bus_temperature,23.6731
2024-03-15T10:41:10,attitude_error,0.3243
2024-03-15T10:41:10,downlink_snr,19.1972
2024-03-15T10:41:10,rx_lock,1.0
2024-03-15T10:41:20,battery_voltage,24.5372
2024-03-15T10:41:20,solar_current,2.2313
2024-03-15T10:41:20,bus_temperature,23.2465
2024-03-15T10:41:20,attitude_error,0.3443
2024-03-15T10:41:20,downlink_snr,17.5101
2024-03-15T10:41:20,rx_lock,1.0
2024-03-15T10:41:30,battery_voltage,24.435
2024-03-15T10:41:30,solar_current,2.0273
2024-03-15T10:41:30,bus_temperature,22.5545
2024-03-15T10:41:30,attitude_error,0.3941
2024-03-15T10:41:30,downlink_snr,16.826
2024-03-15T10:41:30,rx_lock,1.0
2024-03-15T10:41:40,battery_voltage,24.4418
2024-03-15T10:41:40,solar_current,1.9124
2024-03-15T10:41:40,bus_temperature,21.5019
2024-03-15T10:41:40,attitude_error,0.2604
2024-03-15T10:41:40,downlink_snr,18.2651
2024-03-15T10:41:40,rx_lock,1.0
2024-03-15T10:41:50,battery_voltage,24.4988
2024-03-15T10:41:50,solar_current,2.1362
2024-03-15T10:41:50,bus_temperature,22.3306
2024-03-15T10:41:50,attitude_error,0.3107
2024-03-15T10:41:50,downlink_snr,17.8495
2024-03-15T10:41:50,rx_lock,1.0
2024-03-15T10:42:00,battery_voltage,24.0804
2024-03-15T10:42:00,solar_current,2.0833
2024-03-15T10:42:00,bus_temperature,20.6571
2024-03-15T10:42:00,attitude_error,0.5208
2024-03-15T10:42:00,downlink_snr,18.3456
2024-03-15T10:42:00,rx_lock,1.0
2024-03-15T10:42:10,battery_voltage,24.7364
2024-03-15T10:42:10,solar_current,2.4098
2024-03-15T10:42:10,bus_temperature,19.7441
2024-03-15T10:42:10,attitude_error,0.434
2024-03-15T10:42:10,downlink_snr,16.7641
2024-03-15T10:42:10,rx_lock,1.0
2024-03-15T10:42:20,battery_voltage,24.0964
2024-03-15T10:42:20,solar_current,2.1362
2024-03-15T10:42:20,bus_temperature,20.363
2024-03-15T10:42:20,attitude_error,0.3919
2024-03-15T10:42:20,downlink_snr,18.2882
2024-03-15T10:42:20,rx_lock,1.0
2024-03-15T10:42:30,battery_voltage,25.1742
2024-03-15T10:42:30,solar_current,2.2212
2024-03-15T10:42:30,bus_temperature,17.5105
2024-03-15T10:42:30,attitude_error,0.371
2024-03-15T10:42:30,downlink_snr,17.2634
2024-03-15T10:42:30,rx_lock,1.0
2024-03-15T10:42:40,battery_voltage,24.4388
2024-03-15T10:42:40,solar_current,2.168
2024-03-15T10:42:40,bus_temperature,23.3142
2024-03-15T10:42:40,attitude_error,0.4386
2024-03-15T10:42:40,downlink_snr,16.0333
2024-03-15T10:42:40,rx_lock,1.0
2024-03-15T10:42:50,battery_voltage,24.7039
2024-03-15T10:42:50,solar_current,2.235
2024-03-15T10:42:50,bus_temperature,23.901
2024-03-15T10:42:50,attitude_error,0.2945
2024-03-15T10:42:50,downlink_snr,18.7799
2024-03-15T10:42:50,rx_lock,1.0
2024-03-15T10:43:00,battery_voltage,24.3177
2024-03-15T10:43:00,solar_current,1.8654
2024-03-15T10:43:00,bus_temperature,22.042
2024-03-15T10:43:00,attitude_error,0.5076
2024-03-15T10:43:00,downlink_snr,17.4459
2024-03-15T10:43:00,rx_lock,1.0
2024-03-15T10:43:10,battery_voltage,24.4825
2024-03-15T10:43:10,solar_current,2.0197
2024-03-15T10:43:10,bus_temperature,19.7696
2024-03-15T10:43:10,attitude_error,0.2884
2024-03-15T10:43:10,downlink_snr,17.1554
2024-03-15T10:43:10,rx_lock,1.0
2024-03-15T10:43:20,battery_voltage,24.4256
2024-03-15T10:43:20,solar_current,2.0091
2024-03-15T10:43:20,bus_temperature,20.9125
2024-03-15T10:43:20,attitude_error,0.3158
2024-03-15T10:43:20,downlink_snr,17.3666
2024-03-15T10:43:20,rx_lock,1.0
2024-03-15T10:43:30,battery_voltage,24.4474
2024-03-15T10:43:30,solar_current,2.1473
2024-03-15T10:43:30,bus_temperature,22.9577
2024-03-15T10:43:30,attitude_error,0.332
2024-03-15T10:43:30,downlink_snr,18.8012
2024-03-15T10:43:30,rx_lock,1.0
2024-03-15T10:43:40,battery_voltage,24.4972
2024-03-15T10:43:40,solar_current,2.1748
2024-03-15T10:43:40,bus_temperature,21.8095
2024-03-15T10:43:40,attitude_error,0.3383
2024-03-15T10:43:40,downlink_snr,17.2774
2024-03-15T10:43:40,rx_lock,1.0
2024-03-15T10:43:50,battery_voltage,24.1819
2024-03-15T10:43:50,solar_current,1.6536
2024-03-15T10:43:50,bus_temperature,23.28
2024-03-15T10:43:50,attitude_error,0.5069
2024-03-15T10:43:50,downlink_snr,18.052
2024-03-15T10:43:50,rx_lock,1.0
2024-03-15T10:44:00,battery_voltage,24.4217
2024-03-15T10:44:00,solar_current,2.134
2024-03-15T10:44:00,bus_temperature,20.5901
2024-03-15T10:44:00,attitude_error,0.3041
2024-03-15T10:44:00,downlink_snr,18.8689
2024-03-15T10:44:00,rx_lock,1.0
2024-03-15T10:44:10,battery_voltage,24.1847
2024-03-15T10:44:10,solar_current,1.66
2024-03-15T10:44:10,bus_temperature,20.2341
2024-03-15T10:44:10,attitude_error,0.5222
2024-03-15T10:44:10,downlink_snr,16.9022
2024-03-15T10:44:10,rx_lock,1.0
2024-03-15T10:44:20,battery_voltage,24.335
2024-03-15T10:44:20,solar_current,2.0106
2024-03-15T10:44:20,bus_temperature,21.0822
2024-03-15T10:44:20,attitude_error,0.5234
2024-03-15T10:44:20,downlink_snr,19.0668
2024-03-15T10:44:20,rx_lock,1.0
2024-03-15T10:44:30,battery_voltage,24.2078
2024-03-15T10:44:30,solar_current,2.2675
2024-03-15T10:44:30,bus_temperature,21.9139
2024-03-15T10:44:30,attitude_error,0.4774
2024-03-15T10:44:30,downlink_snr,14.8374
2024-03-15T10:44:30,rx_lock,1.0
2024-03-15T10:44:40,battery_voltage,24.833
2024-03-15T10:44:40,solar_current,2.3012
2024-03-15T10:44:40,bus_temperature,21.1263
2024-03-15T10:44:40,attitude_error,0.5405
2024-03-15T10:44:40,downlink_snr,19.3635
2024-03-15T10:44:40,rx_lock,1.0
2024-03-15T10:44:50,battery_voltage,24.7618
2024-03-15T10:44:50,solar_current,1.971
2024-03-15T10:44:50,bus_temperature,23.9337
2024-03-15T10:44:50,attitude_error,0.4793
2024-03-15T10:44:50,downlink_snr,18.4956
2024-03-15T10:44:50,rx_lock,1.0
2024-03-15T10:45:00,battery_voltage,24.2827
2024-03-15T10:45:00,solar_current,2.3295
2024-03-15T10:45:00,bus_temperature,22.744
2024-03-15T10:45:00,attitude_error,0.5515
2024-03-15T10:45:00,downlink_snr,16.768
2024-03-15T10:45:00,rx_lock,1.0
2024-03-15T10:45:10,battery_voltage,24.8837
2024-03-15T10:45:10,solar_current,1.9743
2024-03-15T10:45:10,bus_temperature,22.4849
2024-03-15T10:45:10,attitude_error,0.2852
2024-03-15T10:45:10,downlink_snr,18.4844
2024-03-15T10:45:10,rx_lock,1.0
2024-03-15T10:45:20,battery_voltage,24.6388
2024-03-15T10:45:20,solar_current,2.1116
2024-03-15T10:45:20,bus_temperature,21.6649
2024-03-15T10:45:20,attitude_error,0.3095
2024-03-15T10:45:20,downlink_snr,17.6805
2024-03-15T10:45:20,rx_lock,1.0
2024-03-15T10:45:30,battery_voltage,24.1088
2024-03-15T10:45:30,solar_current,2.0123
2024-03-15T10:45:30,bus_temperature,23.1057
2024-03-15T10:45:30,attitude_error,0.4444
2024-03-15T10:45:30,downlink_snr,19.5931
2024-03-15T10:45:30,rx_lock,1.0
2024-03-15T10:45:40,battery_voltage,24.4988
2024-03-15T10:45:40,solar_current,2.1447
2024-03-15T10:45:40,bus_temperature,19.2272
2024-03-15T10:45:40,attitude_error,0.6397
2024-03-15T10:45:40,downlink_snr,19.1976
2024-03-15T10:45:40,rx_lock,1.0
2024-03-15T10:45:50,battery_voltage,24.0692
2024-03-15T10:45:50,solar_current,2.1934
2024-03-15T10:45:50,bus_temperature,20.2785
2024-03-15T10:45:50,attitude_error,0.57
2024-03-15T10:45:50,downlink_snr,18.2701
2024-03-15T10:45:50,rx_lock,1.0
2024-03-15T10:46:00,battery_voltage,24.079
2024-03-15T10:46:00,solar_current,2.3082
2024-03-15T10:46:00,bus_temperature,21.664
2024-03-15T10:46:00,attitude_error,0.4286
2024-03-15T10:46:00,downlink_snr,17.8204
2024-03-15T10:46:00,rx_lock,1.0
2024-03-15T10:46:10,battery_voltage,24.603
2024-03-15T10:46:10,solar_current,2.1984
2024-03-15T10:46:10,bus_temperature,20.9605
2024-03-15T10:46:10,attitude_error,0.5411
2024-03-15T10:46:10,downlink_snr,16.6505
2024-03-15T10:46:10,rx_lock,1.0
2024-03-15T10:46:20,battery_voltage,25.0876
2024-03-15T10:46:20,solar_current,2.1861
2024-03-15T10:46:20,bus_temperature,21.0614
2024-03-15T10:46:20,attitude_error,0.3164
2024-03-15T10:46:20,downlink_snr,17.0507
2024-03-15T10:46:20,rx_lock,1.0
2024-03-15T10:46:30,battery_voltage,24.3793
2024-03-15T10:46:30,solar_current,2.3335
2024-03-15T10:46:30,bus_temperature,21.0885
2024-03-15T10:46:30,attitude_error,0.399
2024-03-15T10:46:30,downlink_snr,18.5402
2024-03-15T10:46:30,rx_lock,1.0
2024-03-15T10:46:40,battery_voltage,24.4377
2024-03-15T10:46:40,solar_current,2.05
2024-03-15T10:46:40,bus_temperature,19.9898
2024-03-15T10:46:40,attitude_error,0.4707
2024-03-15T10:46:40,downlink_snr,16.9238
2024-03-15T10:46:40,rx_lock,1.0
2024-03-15T10:46:50,battery_voltage,24.5901
2024-03-15T10:46:50,solar_current,2.1108
2024-03-15T10:46:50,bus_temperature,20.7601
2024-03-15T10:46:50,attitude_error,0.2982
2024-03-15T10:46:50,downlink_snr,17.0066
2024-03-15T10:46:50,rx_lock,1.0
2024-03-15T10:47:00,battery_voltage,24.0836
2024-03-15T10:47:00,solar_current,1.9492
2024-03-15T10:47:00,bus_temperature,20.6502
2024-03-15T10:47:00,attitude_error,0.3423
2024-03-15T10:47:00,downlink_snr,17.4073
2024-03-15T10:47:00,rx_lock,1.0
2024-03-15T10:47:10,battery_voltage,23.9609
2024-03-15T10:47:10,solar_current,2.1387
2024-03-15T10:47:10,bus_temperature,21.4994
2024-03-15T10:47:10,attitude_error,0.3229
2024-03-15T10:47:10,downlink_snr,18.3152
2024-03-15T10:47:10,rx_lock,1.0
2024-03-15T10:47:20,battery_voltage,24.5467
2024-03-15T10:47:20,solar_current,1.9656
2024-03-15T10:47:20,bus_temperature,22.1001
2024-03-15T10:47:20,attitude_error,0.3321
2024-03-15T10:47:20,downlink_snr,17.4622
2024-03-15T10:47:20,rx_lock,1.0
2024-03-15T10:47:30,battery_voltage,24.441
2024-03-15T10:47:30,solar_current,1.7048
2024-03-15T10:47:30,bus_temperature,22.7846
2024-03-15T10:47:30,attitude_error,0.3918
2024-03-15T10:47:30,downlink_snr,17.1176
2024-03-15T10:47:30,rx_lock,1.0
2024-03-15T10:47:40,battery_voltage,24.78
2024-03-15T10:47:40,solar_current,1.9457
2024-03-15T10:47:40,bus_temperature,22.2475
2024-03-15T10:47:40,attitude_error,0.4006
2024-03-15T10:47:40,downlink_snr,18.4512
2024-03-15T10:47:40,rx_lock,1.0
2024-03-15T10:47:50,battery_voltage,24.1904
2024-03-15T10:47:50,solar_current,2.2839
2024-03-15T10:47:50,bus_temperature,22.0326
2024-03-15T10:47:50,attitude_error,0.6002
2024-03-15T10:47:50,downlink_snr,18.4787
2024-03-15T10:47:50,rx_lock,1.0
2024-03-15T10:48:00,battery_voltage,24.7253
2024-03-15T10:48:00,solar_current,1.9697
2024-03-15T10:48:00,bus_temperature,24.3507
2024-03-15T10:48:00,attitude_error,0.2798
2024-03-15T10:48:00,downlink_snr,18.0131
2024-03-15T10:48:00,rx_lock,1.0
2024-03-15T10:48:10,battery_voltage,24.4766
2024-03-15T10:48:10,solar_current,2.1404
2024-03-15T10:48:10,bus_temperature,23.6757
2024-03-15T10:48:10,attitude_error,0.36
2024-03-15T10:48:10,downlink_snr,18.6809
2024-03-15T10:48:10,rx_lock,1.0
2024-03-15T10:48:20,battery_voltage,24.4566
2024-03-15T10:48:20,solar_current,2.3221
2024-03-15T10:48:20,bus_temperature,22.5474
2024-03-15T10:48:20,attitude_error,0.5077
2024-03-15T10:48:20,downlink_snr,17.018
2024-03-15T10:48:20,rx_lock,1.0
2024-03-15T10:48:30,battery_voltage,23.9339
2024-03-15T10:48:30,solar_current,2.0114
2024-03-15T10:48:30,bus_temperature,19.1838
2024-03-15T10:48:30,attitude_error,0.487
2024-03-15T10:48:30,downlink_snr,17.7607
2024-03-15T10:48:30,rx_lock,1.0
2024-03-15T10:48:40,battery_voltage,23.9954
2024-03-15T10:48:40,solar_current,1.8891
2024-03-15T10:48:40,bus_temperature,23.1402
2024-03-15T10:48:40,attitude_error,0.4433
2024-03-15T10:48:40,downlink_snr,19.1934
2024-03-15T10:48:40,rx_lock,1.0
2024-03-15T10:48:50,battery_voltage,23.9901
2024-03-15T10:48:50,solar_current,2.0909
2024-03-15T10:48:50,bus_temperature,21.1629
2024-03-15T10:48:50,attitude_error,0.6954
2024-03-15T10:48:50,downlink_snr,17.787
2024-03-15T10:48:50,rx_lock,1.0
2024-03-15T10:49:00,battery_voltage,24.3633
2024-03-15T10:49:00,solar_current,1.8202
2024-03-15T10:49:00,bus_temperature,23.651
2024-03-15T10:49:00,attitude_error,0.2744
2024-03-15T10:49:00,downlink_snr,20.0039
2024-03-15T10:49:00,rx_lock,1.0
2024-03-15T10:49:10,battery_voltage,24.6126
2024-03-15T10:49:10,solar_current,2.3265
2024-03-15T10:49:10,bus_temperature,21.5432
2024-03-15T10:49:10,attitude_error,0.4
2024-03-15T10:49:10,downlink_snr,18.5865
2024-03-15T10:49:10,rx_lock,1.0
2024-03-15T10:49:20,battery_voltage,24.7048
2024-03-15T10:49:20,solar_current,1.8368
2024-03-15T10:49:20,bus_temperature,22.5468
2024-03-15T10:49:20,attitude_error,0.3113
2024-03-15T10:49:20,downlink_snr,17.9133
2024-03-15T10:49:20,rx_lock,1.0
2024-03-15T10:49:30,battery_voltage,24.979
2024-03-15T10:49:30,solar_current,2.6211
2024-03-15T10:49:30,bus_temperature,21.9152
2024-03-15T10:49:30,attitude_error,0.3159
2024-03-15T10:49:30,downlink_snr,17.0305
2024-03-15T10:49:30,rx_lock,1.0
2024-03-15T10:49:40,battery_voltage,24.9822
2024-03-15T10:49:40,solar_current,2.0567
2024-03-15T10:49:40,bus_temperature,20.7759
2024-03-15T10:49:40,attitude_error,0.4385
2024-03-15T10:49:40,downlink_snr,17.1221
2024-03-15T10:49:40,rx_lock,1.0
2024-03-15T10:49:50,battery_voltage,24.894
2024-03-15T10:49:50,solar_current,2.0666
2024-03-15T10:49:50,bus_temperature,22.6982
2024-03-15T10:49:50,attitude_error,0.2461
2024-03-15T10:49:50,downlink_snr,17.9118
2024-03-15T10:49:50,rx_lock,1.0
2024-03-15T10:50:00,battery_voltage,24.4355
2024-03-15T10:50:00,solar_current,2.4421
2024-03-15T10:50:00,bus_temperature,21.4614
2024-03-15T10:50:00,attitude_error,0.4215
2024-03-15T10:50:00,downlink_snr,16.7048
2024-03-15T10:50:00,rx_lock,1.0
2024-03-15T10:50:10,battery_voltage,24.3412
2024-03-15T10:50:10,solar_current,2.0387
2024-03-15T10:50:10,bus_temperature,20.5628
2024-03-15T10:50:10,attitude_error,0.2992
2024-03-15T10:50:10,downlink_snr,18.3065
2024-03-15T10:50:10,rx_lock,1.0
2024-03-15T10:50:20,battery_voltage,24.3574
2024-03-15T10:50:20,solar_current,2.5771
2024-03-15T10:50:20,bus_temperature,22.7193
2024-03-15T10:50:20,attitude_error,0.4151
2024-03-15T10:50:20,downlink_snr,18.1245
2024-03-15T10:50:20,rx_lock,1.0
2024-03-15T10:50:30,battery_voltage,24.7667
2024-03-15T10:50:30,solar_current,2.3494
2024-03-15T10:50:30,bus_temperature,19.8093
2024-03-15T10:50:30,attitude_error,0.4922
2024-03-15T10:50:30,downlink_snr,19.7828
2024-03-15T10:50:30,rx_lock,1.0
2024-03-15T10:50:40,battery_voltage,24.2082
2024-03-15T10:50:40,solar_current,2.2008
2024-03-15T10:50:40,bus_temperature,22.3119
2024-03-15T10:50:40,attitude_error,0.4235
2024-03-15T10:50:40,downlink_snr,18.855
2024-03-15T10:50:40,rx_lock,1.0
2024-03-15T10:50:50,battery_voltage,24.243
2024-03-15T10:50:50,solar_current,2.0723
2024-03-15T10:50:50,bus_temperature,23.5354
2024-03-15T10:50:50,attitude_error,0.5953
2024-03-15T10:50:50,downlink_snr,17.4873
2024-03-15T10:50:50,rx_lock,1.0
2024-03-15T10:51:00,battery_voltage,24.7347
2024-03-15T10:51:00,solar_current,2.0478
2024-03-15T10:51:00,bus_temperature,19.882
2024-03-15T10:51:00,attitude_error,0.3521
2024-03-15T10:51:00,downlink_snr,16.7137
2024-03-15T10:51:00,rx_lock,1.0
2024-03-15T10:51:10,battery_voltage,24.5084
2024-03-15T10:51:10,solar_current,2.3555
2024-03-15T10:51:10,bus_temperature,22.6337
2024-03-15T10:51:10,attitude_error,0.6653
2024-03-15T10:51:10,downlink_snr,17.7566
2024-03-15T10:51:10,rx_lock,1.0
2024-03-15T10:51:20,battery_voltage,24.7368
2024-03-15T10:51:20,solar_current,2.0513
2024-03-15T10:51:20,bus_temperature,20.7421
2024-03-15T10:51:20,attitude_error,0.2645
2024-03-15T10:51:20,downlink_snr,19.8949
2024-03-15T10:51:20,rx_lock,1.0
2024-03-15T10:51:30,battery_voltage,24.4775
2024-03-15T10:51:30,solar_current,2.2009
2024-03-15T10:51:30,bus_temperature,21.3478
2024-03-15T10:51:30,attitude_error,0.3125
2024-03-15T10:51:30,downlink_snr,19.8327
2024-03-15T10:51:30,rx_lock,1.0
2024-03-15T10:51:40,battery_voltage,24.4311
2024-03-15T10:51:40,solar_current,2.1557
2024-03-15T10:51:40,bus_temperature,20.8298
2024-03-15T10:51:40,attitude_error,0.3629
2024-03-15T10:51:40,downlink_snr,19.5385
2024-03-15T10:51:40,rx_lock,1.0
2024-03-15T10:51:50,battery_voltage,24.284
2024-03-15T10:51:50,solar_current,2.1545
2024-03-15T10:51:50,bus_temperature,21.0008
2024-03-15T10:51:50,attitude_error,0.4088
2024-03-15T10:51:50,downlink_snr,15.7427
2024-03-15T10:51:50,rx_lock,1.0
2024-03-15T10:52:00,battery_voltage,24.3326
2024-03-15T10:52:00,solar_current,2.2799
2024-03-15T10:52:00,bus_temperature,23.5755
2024-03-15T10:52:00,attitude_error,0.3363
2024-03-15T10:52:00,downlink_snr,17.6133
2024-03-15T10:52:00,rx_lock,1.0
2024-03-15T10:52:10,battery_voltage,24.0805
2024-03-15T10:52:10,solar_current,2.0447
2024-03-15T10:52:10,bus_temperature,23.4656
2024-03-15T10:52:10,attitude_error,2.8
2024-03-15T10:52:10,downlink_snr,17.9062
2024-03-15T10:52:10,rx_lock,1.0
2024-03-15T10:52:20,battery_voltage,24.3648
2024-03-15T10:52:20,solar_current,2.3527
2024-03-15T10:52:20,bus_temperature,22.0617
2024-03-15T10:52:20,attitude_error,0.4922
2024-03-15T10:52:20,downlink_snr,17.5596
2024-03-15T10:52:20,rx_lock,1.0
2024-03-15T10:52:30,battery_voltage,24.7468
2024-03-15T10:52:30,solar_current,1.9424
2024-03-15T10:52:30,bus_temperature,23.2073
2024-03-15T10:52:30,attitude_error,0.6449
2024-03-15T10:52:30,downlink_snr,17.3769
2024-03-15T10:52:30,rx_lock,1.0
2024-03-15T10:52:40,battery_voltage,24.8898
2024-03-15T10:52:40,solar_current,2.3211
2024-03-15T10:52:40,bus_temperature,23.0446
2024-03-15T10:52:40,attitude_error,0.2436
2024-03-15T10:52:40,downlink_snr,17.6489
2024-03-15T10:52:40,rx_lock,1.0
2024-03-15T10:52:50,battery_voltage,24.6591
2024-03-15T10:52:50,solar_current,2.0357
2024-03-15T10:52:50,bus_temperature,22.6889
2024-03-15T10:52:50,attitude_error,0.3581
2024-03-15T10:52:50,downlink_snr,20.9983
2024-03-15T10:52:50,rx_lock,1.0
2024-03-15T10:53:00,battery_voltage,24.0028
2024-03-15T10:53:00,solar_current,1.6304
2024-03-15T10:53:00,bus_temperature,22.1022
2024-03-15T10:53:00,attitude_error,0.6218
2024-03-15T10:53:00,downlink_snr,17.4621
2024-03-15T10:53:00,rx_lock,1.0
2024-03-15T10:53:10,battery_voltage,24.888
2024-03-15T10:53:10,solar_current,2.1151
2024-03-15T10:53:10,bus_temperature,25.345
2024-03-15T10:53:10,attitude_error,0.5782
2024-03-15T10:53:10,downlink_snr,17.3523
2024-03-15T10:53:10,rx_lock,1.0
2024-03-15T10:53:20,battery_voltage,25.3807
2024-03-15T10:53:20,solar_current,1.6279
2024-03-15T10:53:20,bus_temperature,22.1355
2024-03-15T10:53:20,attitude_error,0.4666
2024-03-15T10:53:20,downlink_snr,17.0955
2024-03-15T10:53:20,rx_lock,1.0
2024-03-15T10:53:30,battery_voltage,24.6357
2024-03-15T10:53:30,solar_current,2.1774
2024-03-15T10:53:30,bus_temperature,20.8815
2024-03-15T10:53:30,attitude_error,0.4197
2024-03-15T10:53:30,downlink_snr,18.6374
2024-03-15T10:53:30,rx_lock,1.0
2024-03-15T10:53:40,battery_voltage,24.9512
2024-03-15T10:53:40,solar_current,1.7935
2024-03-15T10:53:40,bus_temperature,20.9572
2024-03-15T10:53:40,attitude_error,0.4889
2024-03-15T10:53:40,downlink_snr,19.7574
2024-03-15T10:53:40,rx_lock,1.0
2024-03-15T10:53:50,battery_voltage,24.6679
2024-03-15T10:53:50,solar_current,1.8869
2024-03-15T10:53:50,bus_temperature,23.9081
2024-03-15T10:53:50,attitude_error,0.4771
2024-03-15T10:53:50,downlink_snr,18.2193
2024-03-15T10:53:50,rx_lock,1.0
2024-03-15T10:54:00,battery_voltage,24.6515
2024-03-15T10:54:00,solar_current,2.1019
2024-03-15T10:54:00,bus_temperature,23.166
2024-03-15T10:54:00,attitude_error,0.4152
2024-03-15T10:54:00,downlink_snr,19.6673
2024-03-15T10:54:00,rx_lock,1.0
2024-03-15T10:54:10,battery_voltage,24.3459
2024-03-15T10:54:10,solar_current,2.4035
2024-03-15T10:54:10,bus_temperature,24.1788
2024-03-15T10:54:10,attitude_error,0.4105
2024-03-15T10:54:10,downlink_snr,17.874
2024-03-15T10:54:10,rx_lock,1.0
2024-03-15T10:54:20,battery_voltage,24.3994
2024-03-15T10:54:20,solar_current,2.0287
2024-03-15T10:54:20,bus_temperature,23.4332
2024-03-15T10:54:20,attitude_error,0.1877
2024-03-15T10:54:20,downlink_snr,17.9664
2024-03-15T10:54:20,rx_lock,1.0
2024-03-15T10:54:30,battery_voltage,24.4439
2024-03-15T10:54:30,solar_current,2.1927
2024-03-15T10:54:30,bus_temperature,23.0841
2024-03-15T10:54:30,attitude_error,0.3579
2024-03-15T10:54:30,downlink_snr,17.4713
2024-03-15T10:54:30,rx_lock,1.0
2024-03-15T10:54:40,battery_voltage,24.3608
2024-03-15T10:54:40,solar_current,2.2897
2024-03-15T10:54:40,bus_temperature,24.043
2024-03-15T10:54:40,attitude_error,0.3184
2024-03-15T10:54:40,downlink_snr,17.3607
2024-03-15T10:54:40,rx_lock,1.0
2024-03-15T10:54:50,battery_voltage,24.1337
2024-03-15T10:54:50,solar_current,2.1453
2024-03-15T10:54:50,bus_temperature,21.4588
2024-03-15T10:54:50,attitude_error,0.3398
2024-03-15T10:54:50,downlink_snr,18.0267
2024-03-15T10:54:50,rx_lock,1.0
2024-03-15T10:55:00,battery_voltage,25.0029
2024-03-15T10:55:00,solar_current,2.2895
2024-03-15T10:55:00,bus_temperature,22.803
2024-03-15T10:55:00,attitude_error,0.3884
2024-03-15T10:55:00,downlink_snr,17.6136
2024-03-15T10:55:00,rx_lock,1.0
2024-03-15T10:55:10,battery_voltage,24.8498
2024-03-15T10:55:10,solar_current,2.1953
2024-03-15T10:55:10,bus_temperature,20.0451
2024-03-15T10:55:10,attitude_error,0.3955
2024-03-15T10:55:10,downlink_snr,18.5249
2024-03-15T10:55:10,rx_lock,1.0
2024-03-15T10:55:20,battery_voltage,24.7163
2024-03-15T10:55:20,solar_current,2.201
2024-03-15T10:55:20,bus_temperature,22.6786
2024-03-15T10:55:20,attitude_error,0.3622
2024-03-15T10:55:20,downlink_snr,17.7821
2024-03-15T10:55:20,rx_lock,1.0
2024-03-15T10:55:30,battery_voltage,24.6189
2024-03-15T10:55:30,solar_current,1.8949
2024-03-15T10:55:30,bus_temperature,20.3486
2024-03-15T10:55:30,attitude_error,0.3908
2024-03-15T10:55:30,downlink_snr,19.0416
2024-03-15T10:55:30,rx_lock,1.0
2024-03-15T10:55:40,battery_voltage,24.6186
2024-03-15T10:55:40,solar_current,2.0664
2024-03-15T10:55:40,bus_temperature,20.515
2024-03-15T10:55:40,attitude_error,0.4671
2024-03-15T10:55:40,downlink_snr,16.4871
2024-03-15T10:55:40,rx_lock,1.0
2024-03-15T10:55:50,battery_voltage,24.7647
2024-03-15T10:55:50,solar_current,2.1516
2024-03-15T10:55:50,bus_temperature,26.4272
2024-03-15T10:55:50,attitude_error,0.525
2024-03-15T10:55:50,downlink_snr,18.3467
2024-03-15T10:55:50,rx_lock,1.0
2024-03-15T10:56:00,battery_voltage,24.4547
2024-03-15T10:56:00,solar_current,2.301
2024-03-15T10:56:00,bus_temperature,22.3047
2024-03-15T10:56:00,attitude_error,0.4203
2024-03-15T10:56:00,downlink_snr,16.3082
2024-03-15T10:56:00,rx_lock,1.0
2024-03-15T10:56:10,battery_voltage,24.3093
2024-03-15T10:56:10,solar_current,1.9343
2024-03-15T10:56:10,bus_temperature,23.4713
2024-03-15T10:56:10,attitude_error,0.3956
2024-03-15T10:56:10,downlink_snr,19.4874
2024-03-15T10:56:10,rx_lock,1.0
2024-03-15T10:56:20,battery_voltage,24.0225
2024-03-15T10:56:20,solar_current,1.9792
2024-03-15T10:56:20,bus_temperature,19.9857
2024-03-15T10:56:20,attitude_error,0.2588
2024-03-15T10:56:20,downlink_snr,17.6441
2024-03-15T10:56:20,rx_lock,1.0
2024-03-15T10:56:30,battery_voltage,24.6618
2024-03-15T10:56:30,solar_current,2.3236
2024-03-15T10:56:30,bus_temperature,19.6196
2024-03-15T10:56:30,attitude_error,0.3709
2024-03-15T10:56:30,downlink_snr,18.0142
2024-03-15T10:56:30,rx_lock,0.0
2024-03-15T10:56:40,battery_voltage,24.5247
2024-03-15T10:56:40,solar_current,2.0105
2024-03-15T10:56:40,bus_temperature,24.1415
2024-03-15T10:56:40,attitude_error,0.2816
2024-03-15T10:56:40,downlink_snr,17.6604
2024-03-15T10:56:40,rx_lock,1.0
2024-03-15T10:56:50,battery_voltage,24.5043
2024-03-15T10:56:50,solar_current,2.2843
2024-03-15T10:56:50,bus_temperature,21.4333
2024-03-15T10:56:50,attitude_error,0.6324
2024-03-15T10:56:50,downlink_snr,17.9235
2024-03-15T10:56:50,rx_lock,1.0
2024-03-15T10:57:00,battery_voltage,24.355
2024-03-15T10:57:00,solar_current,1.8021
2024-03-15T10:57:00,bus_temperature,23.2424
2024-03-15T10:57:00,attitude_error,0.4132
2024-03-15T10:57:00,downlink_snr,17.8815
2024-03-15T10:57:00,rx_lock,1.0
2024-03-15T10:57:10,battery_voltage,24.5632
2024-03-15T10:57:10,solar_current,2.131
2024-03-15T10:57:10,bus_temperature,20.0894
2024-03-15T10:57:10,attitude_error,0.3101
2024-03-15T10:57:10,downlink_snr,19.5664
2024-03-15T10:57:10,rx_lock,1.0
2024-03-15T10:57:20,battery_voltage,24.6484
2024-03-15T10:57:20,solar_current,2.1138
2024-03-15T10:57:20,bus_temperature,23.0448
2024-03-15T10:57:20,attitude_error,0.4223
2024-03-15T10:57:20,downlink_snr,17.7425
2024-03-15T10:57:20,rx_lock,1.0
2024-03-15T10:57:30,battery_voltage,24.3652
2024-03-15T10:57:30,solar_current,2.4567
2024-03-15T10:57:30,bus_temperature,21.8477
2024-03-15T10:57:30,attitude_error,0.3129
2024-03-15T10:57:30,downlink_snr,16.7798
2024-03-15T10:57:30,rx_lock,1.0
2024-03-15T10:57:40,battery_voltage,24.2413
2024-03-15T10:57:40,solar_current,2.0645
2024-03-15T10:57:40,bus_temperature,22.7904
2024-03-15T10:57:40,attitude_error,0.3622
2024-03-15T10:57:40,downlink_snr,17.4027
2024-03-15T10:57:40,rx_lock,1.0
2024-03-15T10:57:50,battery_voltage,25.1778
2024-03-15T10:57:50,solar_current,2.2821
2024-03-15T10:57:50,bus_temperature,24.4043
2024-03-15T10:57:50,attitude_error,0.2489
2024-03-15T10:57:50,downlink_snr,17.2582
2024-03-15T10:57:50,rx_lock,1.0
2024-03-15T10:58:00,battery_voltage,24.2747
2024-03-15T10:58:00,solar_current,2.5695
2024-03-15T10:58:00,bus_temperature,21.3807
2024-03-15T10:58:00,attitude_error,0.3167
2024-03-15T10:58:00,downlink_snr,16.4546
2024-03-15T10:58:00,rx_lock,1.0
2024-03-15T10:58:10,battery_voltage,24.3525
2024-03-15T10:58:10,solar_current,2.1571
2024-03-15T10:58:10,bus_temperature,20.2063
2024-03-15T10:58:10,attitude_error,0.5174
2024-03-15T10:58:10,downlink_snr,16.0812
2024-03-15T10:58:10,rx_lock,1.0
2024-03-15T10:58:20,battery_voltage,24.5967
2024-03-15T10:58:20,solar_current,2.0046
2024-03-15T10:58:20,bus_temperature,19.3803
2024-03-15T10:58:20,attitude_error,0.5106
2024-03-15T10:58:20,downlink_snr,17.3438
2024-03-15T10:58:20,rx_lock,1.0
2024-03-15T10:58:30,battery_voltage,24.3493
2024-03-15T10:58:30,solar_current,2.0622
2024-03-15T10:58:30,bus_temperature,22.0454
2024-03-15T10:58:30,attitude_error,0.4674
2024-03-15T10:58:30,downlink_snr,16.634
2024-03-15T10:58:30,rx_lock,1.0
2024-03-15T10:58:40,battery_voltage,23.9598
2024-03-15T10:58:40,solar_current,2.3685
2024-03-15T10:58:40,bus_temperature,23.3221
2024-03-15T10:58:40,attitude_error,0.4289
2024-03-15T10:58:40,downlink_snr,18.7361
2024-03-15T10:58:40,rx_lock,1.0
2024-03-15T10:58:50,battery_voltage,24.013
2024-03-15T10:58:50,solar_current,1.8549
2024-03-15T10:58:50,bus_temperature,22.9624
2024-03-15T10:58:50,attitude_error,0.5567
2024-03-15T10:58:50,downlink_snr,17.7944
2024-03-15T10:58:50,rx_lock,1.0
2024-03-15T10:59:00,battery_voltage,24.1212
2024-03-15T10:59:00,solar_current,2.2228
2024-03-15T10:59:00,bus_temperature,21.013
2024-03-15T10:59:00,attitude_error,0.4169
2024-03-15T10:59:00,downlink_snr,17.9531
2024-03-15T10:59:00,rx_lock,1.0
2024-03-15T10:59:10,battery_voltage,24.6456
2024-03-15T10:59:10,solar_current,2.0764
2024-03-15T10:59:10,bus_temperature,23.7127
2024-03-15T10:59:10,attitude_error,0.3997
2024-03-15T10:59:10,downlink_snr,18.0634
2024-03-15T10:59:10,rx_lock,1.0
2024-03-15T10:59:20,battery_voltage,24.9081
2024-03-15T10:59:20,solar_current,2.3183
2024-03-15T10:59:20,bus_temperature,21.0336
2024-03-15T10:59:20,attitude_error,0.4156
2024-03-15T10:59:20,downlink_snr,17.0337
2024-03-15T10:59:20,rx_lock,1.0
2024-03-15T10:59:30,battery_voltage,24.3519
2024-03-15T10:59:30,solar_current,2.2205
2024-03-15T10:59:30,bus_temperature,20.2465
2024-03-15T10:59:30,attitude_error,0.3906
2024-03-15T10:59:30,downlink_snr,20.297
2024-03-15T10:59:30,rx_lock,1.0
2024-03-15T10:59:40,battery_voltage,24.9915
2024-03-15T10:59:40,solar_current,2.3369
2024-03-15T10:59:40,bus_temperature,19.1893
2024-03-15T10:59:40,attitude_error,0.3289
2024-03-15T10:59:40,downlink_snr,18.7504
2024-03-15T10:59:40,rx_lock,1.0
2024-03-15T10:59:50,battery_voltage,24.5302
2024-03-15T10:59:50,solar_current,2.2105
2024-03-15T10:59:50,bus_temperature,21.7629
2024-03-15T10:59:50,attitude_error,0.6331
2024-03-15T10:59:50,downlink_snr,17.0862
2024-03-15T10:59:50,rx_lock,1.0
2024-03-15T11:00:00,battery_voltage,24.3512
2024-03-15T11:00:00,solar_current,2.006
2024-03-15T11:00:00,bus_temperature,23.2855
2024-03-15T11:00:00,attitude_error,0.4588
2024-03-15T11:00:00,downlink_snr,16.9815
2024-03-15T11:00:00,rx_lock,1.0
2024-03-15T11:00:10,battery_voltage,24.4079
2024-03-15T11:00:10,solar_current,1.9585
2024-03-15T11:00:10,bus_temperature,23.6999
2024-03-15T11:00:10,attitude_error,0.1653
2024-03-15T11:00:10,downlink_snr,17.2692
2024-03-15T11:00:10,rx_lock,1.0
2024-03-15T11:00:20,battery_voltage,24.2292
2024-03-15T11:00:20,solar_current,2.134
2024-03-15T11:00:20,bus_temperature,21.1227
2024-03-15T11:00:20,attitude_error,0.3785
2024-03-15T11:00:20,downlink_snr,16.8625
2024-03-15T11:00:20,rx_lock,1.0
2024-03-15T11:00:30,battery_voltage,24.0851
2024-03-15T11:00:30,solar_current,2.025
2024-03-15T11:00:30,bus_temperature,22.367
2024-03-15T11:00:30,attitude_error,0.4095
2024-03-15T11:00:30,downlink_snr,19.3758
2024-03-15T11:00:30,rx_lock,1.0
2024-03-15T11:00:40,battery_voltage,23.9064
2024-03-15T11:00:40,solar_current,2.1186
2024-03-15T11:00:40,bus_temperature,20.4595
2024-03-15T11:00:40,attitude_error,0.4399
2024-03-15T11:00:40,downlink_snr,17.3937
2024-03-15T11:00:40,rx_lock,1.0
2024-03-15T11:00:50,battery_voltage,24.8556
2024-03-15T11:00:50,solar_current,2.1136
2024-03-15T11:00:50,bus_temperature,20.5456
2024-03-15T11:00:50,attitude_error,0.4992
2024-03-15T11:00:50,downlink_snr,17.3084
2024-03-15T11:00:50,rx_lock,1.0
2024-03-15T11:01:00,battery_voltage,24.1402
2024-03-15T11:01:00,solar_current,2.077
2024-03-15T11:01:00,bus_temperature,22.0132
2024-03-15T11:01:00,attitude_error,0.3854
2024-03-15T11:01:00,downlink_snr,17.9508
2024-03-15T11:01:00,rx_lock,1.0
2024-03-15T11:01:10,battery_voltage,24.3721
2024-03-15T11:01:10,solar_current,2.6442
2024-03-15T11:01:10,bus_temperature,24.7316
2024-03-15T11:01:10,attitude_error,0.4197
2024-03-15T11:01:10,downlink_snr,17.1678
2024-03-15T11:01:10,rx_lock,1.0
2024-03-15T11:01:20,battery_voltage,24.0173
2024-03-15T11:01:20,solar_current,2.1704
2024-03-15T11:01:20,bus_temperature,22.4205
2024-03-15T11:01:20,attitude_error,0.4387
2024-03-15T11:01:20,downlink_snr,18.5255
2024-03-15T11:01:20,rx_lock,1.0
2024-03-15T11:01:30,battery_voltage,24.5943
2024-03-15T11:01:30,solar_current,1.9553
2024-03-15T11:01:30,bus_temperature,20.8442
2024-03-15T11:01:30,attitude_error,0.4583
2024-03-15T11:01:30,downlink_snr,16.9282
2024-03-15T11:01:30,rx_lock,1.0
2024-03-15T11:01:40,battery_voltage,24.7155
2024-03-15T11:01:40,solar_current,2.1459
2024-03-15T11:01:40,bus_temperature,24.2508
2024-03-15T11:01:40,attitude_error,0.484
2024-03-15T11:01:40,downlink_snr,16.8104
2024-03-15T11:01:40,rx_lock,1.0
2024-03-15T11:01:50,battery_voltage,24.508
2024-03-15T11:01:50,solar_current,2.0115
2024-03-15T11:01:50,bus_temperature,20.619
2024-03-15T11:01:50,attitude_error,0.4873
2024-03-15T11:01:50,downlink_snr,18.1293
2024-03-15T11:01:50,rx_lock,1.0
2024-03-15T11:02:00,battery_voltage,24.5143
2024-03-15T11:02:00,solar_current,1.8866
2024-03-15T11:02:00,bus_temperature,22.0014
2024-03-15T11:02:00,attitude_error,0.4277
2024-03-15T11:02:00,downlink_snr,16.7382
2024-03-15T11:02:00,rx_lock,1.0
